2025-08-31 18:35:38.358485,kraken,binance,0.007,7.99,109120.99,109121.0,109112.9,109113.0
2025-08-31 18:35:52.482685,kraken,binance,0.007,7.99,109120.99,109121.0,109112.9,109113.0
2025-08-31 18:36:03.467790,kraken,binance,0.01,11.13,109124.13,109124.14,109112.9,109113.0
2025-08-31 18:36:15.115371,kraken,binance,0.01,11.13,109124.13,109124.14,109112.9,109113.0
2025-08-31 18:36:27.173308,binance,kraken,0.03,32.89,109080.0,109080.01,109112.9,109113.0
2025-08-31 18:36:38.314007,kraken,binance,0.006,6.04,109070.94,109070.95,109064.8,109064.9
2025-08-31 18:36:49.373766,kraken,binance,0.006,6.04,109070.94,109070.95,109064.8,109064.9
2025-08-31 18:37:00.341722,kraken,binance,0.006,6.05,109084.05,109084.06,109077.9,109078.0
2025-08-31 18:37:11.328039,kraken,binance,0.006,6.05,109084.05,109084.06,109077.9,109078.0
2025-08-31 18:37:22.283322,kraken,binance,0.01,10.99,109099.99,109100.0,109088.9,109089.0
2025-08-31 18:37:34.720543,kraken,binance,0.01,10.99,109099.99,109100.0,109088.9,109089.0
2025-08-31 18:37:47.517274,kraken,binance,0.009,9.76,109118.36,109118.37,109108.5,109108.6
2025-08-31 18:37:58.453919,kraken,binance,0.016,17.48,109126.08,109126.09,109108.5,109108.6
2025-08-31 18:38:09.376687,kraken,binance,0.012,13.05,109134.85,109134.86,109121.7,109121.8
2025-08-31 18:38:20.450036,kraken,binance,0.012,13.06,109134.86,109134.87,109121.7,109121.8
2025-08-31 18:38:31.463136,kraken,binance,0.011,11.55,109166.65,109166.66,109155.0,109155.1
2025-08-31 18:38:51.098960+00:00,kraken,binance,0.014,14.85,109134.85,109134.86,109119.9,109120.0
2025-08-31 18:39:02.179837+00:00,kraken,binance,0.002,1.89,109126.69,109126.7,109124.7,109124.8
2025-08-31 18:39:13.473709+00:00,kraken,binance,0.003,3.3,109150.0,109150.01,109145.0,109146.7
2025-08-31 18:39:24.349781+00:00,kraken,binance,0.013,14.5,109150.0,109150.01,109135.4,109135.5
2025-08-31 18:39:35.373902+00:00,kraken,binance,0.007,7.18,109134.68,109134.69,109127.4,109127.5
2025-08-31 18:39:46.744963+00:00,kraken,binance,0.005,5.57,109148.57,109148.58,109142.9,109143.0
2025-08-31 18:39:57.652058+00:00,kraken,binance,0.012,12.61,109155.61,109155.62,109142.9,109143.0
2025-08-31 18:40:08.554879+00:00,kraken,binance,0.001,1.59,109160.79,109160.8,109159.1,109159.2
2025-08-31 18:40:19.401493+00:00,kraken,binance,0.002,2.49,109179.99,109180.0,109177.4,109177.5
2025-08-31 18:40:30.260429+00:00,kraken,binance,0.006,6.89,109186.29,109186.3,109178.0,109179.4
2025-08-31 18:40:41.204326+00:00,kraken,binance,0.011,11.69,109186.29,109186.3,109174.5,109174.6
2025-08-31 18:40:52.152629+00:00,kraken,binance,0.006,6.49,109186.29,109186.3,109179.7,109179.8
2025-08-31 18:41:13.897478+00:00,binance,kraken,0.008,8.9,109169.09,109169.1,109178.0,109178.1
2025-08-31 18:41:28.665022+00:00,binance,kraken,0.01,10.55,109167.44,109167.45,109178.0,109178.1
2025-08-31 18:41:39.625696+00:00,binance,kraken,0.007,8.05,109167.44,109167.45,109175.5,109175.6
2025-08-31 18:41:50.469082+00:00,binance,kraken,0.007,8.05,109167.44,109167.45,109175.5,109175.6
2025-08-31 18:42:01.467905+00:00,binance,kraken,0.007,8.05,109167.44,109167.45,109175.5,109175.6
2025-08-31 18:42:34.700744+00:00,kraken,binance,0.014,15.3,109156.5,109156.51,109141.1,109141.2
2025-08-31 18:42:45.613546+00:00,kraken,binance,0.012,13.48,109141.18,109141.19,109127.6,109127.7
2025-08-31 18:42:56.510736+00:00,kraken,binance,0.008,8.58,109141.18,109141.19,109132.5,109132.6
2025-08-31 18:43:07.402633+00:00,kraken,binance,0.005,5.4,109158.7,109158.71,109153.2,109153.3
2025-08-31 18:43:18.316827+00:00,kraken,binance,0.001,1.35,109144.25,109144.26,109142.8,109142.9
2025-08-31 18:43:29.192585+00:00,binance,kraken,0.003,2.79,109140.0,109140.01,109142.8,109142.9
2025-08-31 18:43:40.077647+00:00,binance,kraken,0.013,14.29,109128.5,109128.51,109142.8,109142.9
2025-08-31 18:43:50.959191+00:00,kraken,binance,0.003,2.8,109128.5,109128.51,109115.7,109125.7
2025-08-31 18:44:02.114230+00:00,kraken,binance,0.007,8.0,109133.9,109133.91,109119.8,109125.9
2025-08-31 18:44:12.996983+00:00,kraken,binance,0.007,7.4,109145.3,109145.31,109137.8,109137.9
2025-08-31 18:44:23.956364+00:00,kraken,binance,0.007,7.4,109145.3,109145.31,109137.8,109137.9
2025-08-31 18:44:34.831889+00:00,kraken,binance,0.007,7.4,109145.3,109145.31,109137.8,109137.9
2025-08-31 18:44:45.672196+00:00,kraken,binance,0.007,7.4,109145.3,109145.31,109137.8,109137.9
2025-08-31 18:44:58.366806+00:00,kraken,binance,0.006,6.88,109151.18,109151.19,109144.2,109144.3
2025-08-31 18:45:09.198347+00:00,kraken,binance,0.006,6.88,109151.18,109151.19,109144.2,109144.3
2025-08-31 18:45:32.435380+00:00,kraken,binance,0.007,8.11,109161.91,109161.92,109153.7,109153.8
2025-08-31 18:45:43.370320+00:00,kraken,binance,0.007,8.1,109171.7,109171.71,109163.5,109163.6
2025-08-31 18:45:54.474205+00:00,kraken,binance,0.007,8.1,109171.7,109171.71,109163.5,109163.6
2025-08-31 18:46:06.133621+00:00,kraken,binance,0.001,1.48,109178.78,109178.79,109177.2,109177.3
2025-08-31 18:46:17.090947+00:00,kraken,binance,0.004,3.88,109178.78,109178.79,109174.8,109174.9
2025-08-31 18:46:27.948029+00:00,kraken,binance,0.004,3.88,109178.78,109178.79,109174.8,109174.9
2025-08-31 18:46:38.855505+00:00,kraken,binance,0.005,5.38,109178.78,109178.79,109173.3,109173.4
2025-08-31 18:46:49.850081+00:00,binance,kraken,0.003,3.21,109166.48,109166.49,109169.7,109169.8
2025-08-31 18:47:00.716118+00:00,kraken,binance,0.002,2.58,109166.48,109166.49,109163.8,109163.9
2025-08-31 18:47:11.632462+00:00,kraken,binance,0.002,2.58,109166.48,109166.49,109163.8,109163.9
2025-08-31 18:47:23.117794+00:00,kraken,binance,0.002,2.58,109166.48,109166.49,109163.8,109163.9
2025-08-31 18:47:34.328116+00:00,kraken,binance,0.002,2.58,109166.48,109166.49,109163.8,109163.9
2025-08-31 18:47:45.502588+00:00,kraken,binance,0.002,2.58,109166.48,109166.49,109163.8,109163.9
2025-08-31 18:47:56.474451+00:00,kraken,binance,0.002,2.58,109166.48,109166.49,109163.8,109163.9
2025-08-31 18:48:07.465153+00:00,kraken,binance,0.002,2.58,109166.48,109166.49,109163.8,109163.9
2025-08-31 18:48:18.636752+00:00,kraken,binance,0.012,13.49,109179.99,109180.0,109166.4,109166.5
2025-08-31 18:48:29.514427+00:00,kraken,binance,0.005,5.09,109181.09,109181.1,109175.9,109176.0
2025-08-31 18:48:40.532217+00:00,kraken,binance,0.006,6.99,109189.99,109190.0,109182.9,109183.0
2025-08-31 18:48:51.577969+00:00,kraken,binance,0.01,10.79,109189.99,109190.0,109179.1,109179.2
2025-08-31 18:49:02.510441+00:00,kraken,binance,0.01,10.79,109189.99,109190.0,109179.1,109179.2
2025-08-31 18:49:13.505094+00:00,kraken,binance,0.007,7.89,109189.99,109190.0,109182.0,109182.1
2025-08-31 18:49:24.468160+00:00,kraken,binance,0.008,9.18,109197.18,109197.19,109187.9,109188.0
2025-08-31 18:49:35.433319+00:00,kraken,binance,0.008,9.18,109197.18,109197.19,109187.9,109188.0
2025-08-31 18:49:46.325074+00:00,kraken,binance,0.045,49.5,109237.5,109237.51,109187.9,109188.0
2025-08-31 18:49:57.311917+00:00,kraken,binance,0.022,24.1,109212.1,109212.11,109187.9,109188.0
2025-08-31 18:50:08.202218+00:00,kraken,binance,0.009,10.24,109192.34,109192.35,109171.9,109182.1
2025-08-31 18:50:20.232771+00:00,kraken,binance,0.022,24.15,109212.15,109212.16,109187.9,109188.0
2025-08-31 18:50:31.125312+00:00,kraken,binance,0.022,24.15,109212.15,109212.16,109187.9,109188.0
2025-08-31 18:50:42.094592+00:00,kraken,binance,0.022,24.15,109212.15,109212.16,109187.9,109188.0
2025-08-31 18:50:53.059045+00:00,kraken,binance,0.022,24.15,109212.15,109212.16,109187.9,109188.0
2025-08-31 18:51:03.895246+00:00,kraken,binance,0.022,24.15,109212.15,109212.16,109187.9,109188.0
2025-08-31 18:51:14.738000+00:00,kraken,binance,0.022,24.15,109212.15,109212.16,109187.9,109188.0
2025-08-31 18:51:25.590559+00:00,kraken,binance,0.022,24.15,109212.15,109212.16,109187.9,109188.0
2025-08-31 18:51:36.477722+00:00,kraken,binance,0.016,17.29,109205.29,109205.3,109187.9,109188.0
2025-08-31 18:51:47.320490+00:00,kraken,binance,0.012,13.11,109201.11,109201.12,109187.9,109188.0
2025-08-31 18:51:58.923339+00:00,kraken,binance,0.009,9.67,109197.67,109197.68,109187.9,109188.0
2025-08-31 18:52:09.865078+00:00,kraken,binance,0.009,9.67,109197.67,109197.68,109187.9,109188.0
2025-08-31 18:52:20.743678+00:00,kraken,binance,0.009,9.67,109197.67,109197.68,109187.9,109188.0
2025-08-31 18:52:31.761961+00:00,kraken,binance,0.009,9.67,109197.67,109197.68,109187.9,109188.0
2025-08-31 18:52:43.098242+00:00,kraken,binance,0.009,9.67,109197.67,109197.68,109187.9,109188.0
2025-08-31 18:52:54.021765+00:00,kraken,binance,0.009,9.67,109197.67,109197.68,109187.9,109188.0
2025-08-31 18:53:04.878614+00:00,kraken,binance,0.009,9.67,109197.67,109197.68,109187.9,109188.0
2025-08-31 18:53:15.828107+00:00,kraken,binance,0.009,9.67,109197.67,109197.68,109187.9,109188.0
2025-08-31 18:53:26.687063+00:00,kraken,binance,0.009,9.67,109197.67,109197.68,109187.9,109188.0
2025-08-31 18:53:37.694550+00:00,kraken,binance,0.009,9.67,109197.67,109197.68,109187.9,109188.0
2025-08-31 18:53:48.602097+00:00,kraken,binance,0.009,9.67,109197.67,109197.68,109187.9,109188.0
2025-08-31 18:53:59.595939+00:00,kraken,binance,0.001,1.2,109185.9,109185.91,109184.6,109184.7
2025-08-31 18:54:11.006885+00:00,kraken,binance,0.001,1.2,109185.9,109185.91,109184.6,109184.7
2025-08-31 18:54:21.964193+00:00,kraken,binance,0.006,6.3,109180.2,109180.21,109173.8,109173.9
2025-08-31 18:54:32.844369+00:00,kraken,binance,0.011,12.5,109180.2,109180.21,109167.6,109167.7
2025-08-31 18:54:43.763517+00:00,kraken,binance,0.007,7.19,109174.89,109174.9,109167.6,109167.7
2025-08-31 18:54:54.623105+00:00,kraken,binance,0.006,6.78,109172.18,109172.19,109165.3,109165.4
2025-08-31 18:55:06.004186+00:00,binance,kraken,0.005,5.1,109160.19,109160.2,109165.3,109165.4
2025-08-31 18:55:16.926513+00:00,binance,kraken,0.006,6.3,109158.99,109159.0,109165.3,109165.4
2025-08-31 18:55:27.785853+00:00,kraken,binance,0.008,8.6,109156.5,109156.51,109147.8,109147.9
2025-08-31 18:55:38.630078+00:00,kraken,binance,0.008,8.6,109156.5,109156.51,109147.8,109147.9
2025-08-31 18:55:49.578455+00:00,kraken,binance,0.008,8.6,109156.5,109156.51,109147.8,109147.9
2025-08-31 18:56:01.026884+00:00,kraken,binance,0.008,8.6,109156.5,109156.51,109147.8,109147.9
2025-08-31 18:56:12.004286+00:00,kraken,binance,0.011,11.9,109156.5,109156.51,109144.5,109144.6
2025-08-31 18:56:22.888524+00:00,kraken,binance,0.01,10.76,109150.56,109150.57,109139.7,109139.8
2025-08-31 18:56:33.825768+00:00,kraken,binance,0.01,10.76,109150.56,109150.57,109139.7,109139.8
2025-08-31 18:56:44.876269+00:00,kraken,binance,0.002,2.23,109142.03,109142.04,109139.7,109139.8
2025-08-31 18:56:55.717972+00:00,kraken,binance,0.015,16.6,109128.8,109128.81,109112.1,109112.2
2025-08-31 18:57:06.547247+00:00,kraken,binance,0.006,6.27,109116.87,109116.88,109110.5,109110.6
2025-08-31 18:57:17.423394+00:00,kraken,binance,0.011,11.69,109127.99,109128.0,109116.2,109116.3
2025-08-31 18:57:28.301723+00:00,kraken,binance,0.006,6.09,109127.99,109128.0,109121.8,109121.9
2025-08-31 18:57:39.213431+00:00,kraken,binance,0.006,6.09,109127.99,109128.0,109121.8,109121.9
2025-08-31 18:57:50.080143+00:00,kraken,binance,0.006,6.09,109127.99,109128.0,109121.8,109121.9
2025-08-31 18:58:00.991450+00:00,kraken,binance,0.006,7.04,109128.94,109128.95,109121.8,109121.9
2025-08-31 18:58:11.883078+00:00,kraken,binance,0.015,16.07,109137.97,109137.98,109121.8,109121.9
2025-08-31 18:58:22.758418+00:00,kraken,binance,0.005,5.36,109145.96,109145.97,109140.5,109140.6
2025-08-31 18:58:34.696098+00:00,kraken,binance,0.005,5.36,109145.96,109145.97,109140.5,109140.6
2025-08-31 18:58:45.651382+00:00,kraken,binance,0.006,6.18,109152.68,109152.69,109146.4,109146.5
2025-08-31 18:58:56.559798+00:00,kraken,binance,0.006,6.18,109152.68,109152.69,109146.4,109146.5
2025-08-31 18:59:10.556066+00:00,kraken,binance,0.001,1.28,109152.68,109152.69,109151.3,109151.4
2025-08-31 18:59:21.546515+00:00,kraken,binance,0.006,6.16,109157.56,109157.57,109151.3,109151.4
2025-08-31 18:59:32.438595+00:00,kraken,binance,0.006,6.16,109157.56,109157.57,109151.3,109151.4
2025-08-31 18:59:43.320635+00:00,kraken,binance,0.006,6.16,109157.56,109157.57,109151.3,109151.4
2025-08-31 18:59:54.514775+00:00,kraken,binance,0.006,6.16,109157.56,109157.57,109151.3,109151.4
2025-08-31 19:00:06.777372+00:00,binance,kraken,0.01,10.52,109140.77,109140.78,109151.3,109151.4
2025-08-31 19:00:17.764525+00:00,binance,kraken,0.019,20.63,109130.66,109130.67,109151.3,109151.4
2025-08-31 19:00:28.815904+00:00,binance,kraken,0.019,20.63,109130.66,109130.67,109151.3,109151.4
2025-08-31 19:00:39.678490+00:00,binance,kraken,0.011,11.79,109139.5,109139.51,109151.3,109151.4
2025-08-31 19:00:50.648315+00:00,binance,kraken,0.011,11.79,109139.5,109139.51,109151.3,109151.4
2025-08-31 19:01:01.550816+00:00,binance,kraken,0.011,11.79,109139.5,109139.51,109151.3,109151.4
2025-08-31 19:01:12.437176+00:00,binance,kraken,0.011,11.78,109139.51,109139.52,109151.3,109151.4
2025-08-31 19:01:23.315698+00:00,binance,kraken,0.021,22.79,109128.5,109128.51,109151.3,109151.4
2025-08-31 19:01:34.197063+00:00,binance,kraken,0.021,22.79,109128.5,109128.51,109151.3,109151.4
2025-08-31 19:01:45.137533+00:00,binance,kraken,0.021,22.79,109128.5,109128.51,109151.3,109151.4
2025-08-31 19:01:56.395550+00:00,binance,kraken,0.04,43.35,109107.94,109107.95,109151.3,109151.4
2025-08-31 19:02:07.268680+00:00,binance,kraken,0.04,43.35,109107.94,109107.95,109151.3,109151.4
2025-08-31 19:02:18.705069+00:00,binance,kraken,0.04,43.35,109107.94,109107.95,109151.3,109151.4
2025-08-31 19:02:29.609966+00:00,binance,kraken,0.035,37.84,109113.45,109113.46,109151.3,109151.4
2025-08-31 19:02:40.482042+00:00,binance,kraken,0.035,37.84,109113.45,109113.46,109151.3,109151.4
2025-08-31 19:02:51.535758+00:00,binance,kraken,0.035,37.84,109113.45,109113.46,109151.3,109151.4
2025-08-31 19:03:02.669883+00:00,binance,kraken,0.035,37.84,109113.45,109113.46,109151.3,109151.4
2025-08-31 19:03:13.999929+00:00,binance,kraken,0.035,37.84,109113.45,109113.46,109151.3,109151.4
2025-08-31 19:03:25.130070+00:00,binance,kraken,0.035,37.84,109113.45,109113.46,109151.3,109151.4
2025-08-31 19:03:36.365687+00:00,binance,kraken,0.016,17.36,109133.93,109133.94,109151.3,109151.4
2025-08-31 19:03:47.606764+00:00,binance,kraken,0.001,1.57,109149.72,109149.73,109151.3,109152.0
2025-08-31 19:03:59.173670+00:00,kraken,binance,0.002,2.54,109158.24,109158.25,109155.6,109155.7
2025-08-31 19:04:10.382587+00:00,kraken,binance,0.011,12.03,109167.83,109167.84,109155.7,109155.8
2025-08-31 19:05:06.245896+00:00,kraken,binance,0.002,2.53,109167.83,109167.84,109159.5,109165.3
2025-08-31 19:05:28.196799+00:00,kraken,binance,0.005,5.1,109156.5,109156.51,109151.3,109151.4
2025-08-31 19:05:43.450351+00:00,kraken,binance,0.005,5.1,109156.5,109156.51,109151.3,109151.4
2025-08-31 19:05:54.649948+00:00,kraken,binance,0.005,5.1,109156.5,109156.51,109151.3,109151.4
2025-08-31 19:06:05.746832+00:00,binance,kraken,0.005,5.44,109145.85,109145.86,109151.3,109151.4
2025-08-31 19:06:16.813401+00:00,kraken,binance,0.007,8.0,109138.2,109138.21,109130.1,109130.2
2025-08-31 19:06:27.892147+00:00,kraken,binance,0.002,2.15,109132.35,109132.36,109130.1,109130.2
2025-08-31 19:07:01.358894+00:00,kraken,binance,0.004,4.89,109118.19,109118.2,109106.5,109113.3
2025-08-31 19:07:12.368414+00:00,kraken,binance,0.006,6.89,109118.19,109118.2,109103.3,109111.3
2025-08-31 19:07:23.400569+00:00,kraken,binance,0.006,6.99,109118.19,109118.2,109108.8,109111.2
2025-08-31 19:07:34.426653+00:00,kraken,binance,0.006,6.99,109118.19,109118.2,109109.0,109111.2
2025-08-31 19:07:45.384828+00:00,kraken,binance,0.006,6.99,109118.19,109118.2,109105.6,109111.2
2025-08-31 19:07:56.680734+00:00,kraken,binance,0.005,5.79,109116.89,109116.9,109103.0,109111.1
2025-08-31 19:09:05.833241+00:00,kraken,binance,0.002,1.69,109079.99,109080.0,109074.7,109078.3
2025-08-31 19:09:16.921937+00:00,kraken,binance,0.003,3.65,109081.95,109081.96,109078.2,109078.3
2025-08-31 19:09:27.842489+00:00,binance,kraken,0.002,2.34,109071.05,109071.06,109073.4,109078.3
2025-08-31 19:09:38.694776+00:00,kraken,binance,0.004,4.25,109071.05,109071.06,109057.2,109066.8
2025-08-31 19:09:49.632857+00:00,kraken,binance,0.001,1.55,109071.05,109071.06,109061.9,109069.5
2025-08-31 19:10:00.513925+00:00,kraken,binance,0.001,1.55,109071.05,109071.06,109060.3,109069.5
2025-08-31 19:10:11.454290+00:00,kraken,binance,0.002,1.75,109071.05,109071.06,109059.7,109069.3
2025-08-31 19:10:22.348815+00:00,kraken,binance,0.002,1.75,109071.05,109071.06,109060.9,109069.3
2025-08-31 19:10:33.310083+00:00,kraken,binance,0.002,2.65,109071.05,109071.06,109055.8,109068.4
2025-08-31 19:10:44.335483+00:00,kraken,binance,0.003,3.05,109071.05,109071.06,109062.3,109068.0
2025-08-31 19:10:55.577198+00:00,kraken,binance,0.003,3.05,109071.05,109071.06,109064.1,109068.0
2025-08-31 19:11:06.578228+00:00,kraken,binance,0.003,3.05,109071.05,109071.06,109060.0,109068.0
2025-08-31 19:11:17.467798+00:00,kraken,binance,0.006,6.42,109067.42,109067.43,109051.3,109061.0
2025-08-31 19:11:29.332198+00:00,kraken,binance,0.004,4.6,109060.0,109060.01,109043.8,109055.4
2025-08-31 19:11:40.549722+00:00,kraken,binance,0.006,6.9,109058.4,109058.41,109044.2,109051.5
2025-08-31 19:11:51.719761+00:00,binance,kraken,0.002,2.72,109044.07,109044.08,109046.8,109051.3
2025-08-31 19:12:02.979666+00:00,kraken,binance,0.003,2.77,109044.07,109044.08,109041.2,109041.3
2025-08-31 19:12:14.140813+00:00,kraken,binance,0.003,2.97,109044.07,109044.08,109031.5,109041.1
2025-08-31 19:12:25.382749+00:00,kraken,binance,0.003,2.97,109044.07,109044.08,109029.4,109041.1
2025-08-31 19:12:36.527877+00:00,kraken,binance,0.004,4.27,109044.07,109044.08,109030.0,109039.8
2025-08-31 19:12:47.525326+00:00,kraken,binance,0.003,2.83,109039.23,109039.24,109028.5,109036.4
2025-08-31 19:12:58.706815+00:00,binance,kraken,0.009,9.8,109018.29,109018.3,109028.1,109028.2
2025-08-31 19:13:10.057127+00:00,binance,kraken,0.009,9.8,109018.29,109018.3,109028.1,109028.2
2025-08-31 19:13:20.950190+00:00,kraken,binance,0.002,2.59,108994.29,108994.3,108983.9,108991.7
2025-08-31 19:14:38.164883+00:00,kraken,binance,0.003,3.8,108993.4,108993.41,108989.5,108989.6
2025-08-31 19:15:33.319412+00:00,kraken,binance,0.002,1.8,108968.0,108968.01,108966.1,108966.2
2025-08-31 19:15:44.398222+00:00,binance,kraken,0.01,10.7,108934.39,108934.4,108945.1,108947.1
2025-08-31 19:15:55.275628+00:00,kraken,binance,0.009,10.09,108959.99,108960.0,108947.6,108949.9
2025-08-31 19:16:06.215468+00:00,kraken,binance,0.006,6.68,108972.88,108972.89,108966.1,108966.2
2025-08-31 19:16:17.135914+00:00,kraken,binance,0.006,6.68,108972.88,108972.89,108966.1,108966.2
2025-08-31 19:16:28.668618+00:00,kraken,binance,0.006,6.68,108972.88,108972.89,108966.1,108966.2
2025-08-31 19:16:39.689871+00:00,kraken,binance,0.004,4.8,108954.0,108954.01,108949.1,108949.2
2025-08-31 19:16:51.614852+00:00,kraken,binance,0.001,1.6,108954.0,108954.01,108938.8,108952.4
2025-08-31 19:17:13.293745+00:00,kraken,binance,0.004,4.0,108954.0,108954.01,108943.3,108950.0
2025-08-31 19:17:24.758329+00:00,kraken,binance,0.002,2.2,108954.0,108954.01,108939.8,108951.8
2025-08-31 19:17:35.627719+00:00,kraken,binance,0.002,1.9,108954.0,108954.01,108942.0,108952.1
2025-08-31 19:17:46.476515+00:00,kraken,binance,0.011,12.46,108967.96,108967.97,108955.4,108955.5
2025-08-31 19:17:57.361224+00:00,kraken,binance,0.011,12.46,108967.96,108967.97,108955.4,108955.5
2025-08-31 19:18:08.776886+00:00,kraken,binance,0.011,12.11,108971.31,108971.32,108959.1,108959.2
2025-08-31 19:18:19.890548+00:00,kraken,binance,0.011,12.11,108971.31,108971.32,108959.1,108959.2
2025-08-31 19:18:30.796660+00:00,kraken,binance,0.011,12.11,108971.31,108971.32,108959.1,108959.2
2025-08-31 19:18:41.902970+00:00,kraken,binance,0.011,12.11,108971.31,108971.32,108959.1,108959.2
2025-08-31 19:18:52.989923+00:00,kraken,binance,0.015,16.57,108989.67,108989.68,108973.0,108973.1
2025-08-31 19:19:04.140508+00:00,kraken,binance,0.015,16.58,108989.68,108989.69,108973.0,108973.1
2025-08-31 19:19:16.246667+00:00,kraken,binance,0.001,1.28,109022.28,109022.29,109020.9,109021.0
2025-08-31 19:19:27.333922+00:00,kraken,binance,0.003,3.2,109028.3,109028.31,109025.0,109025.1
2025-08-31 19:19:38.206496+00:00,kraken,binance,0.003,3.2,109028.3,109028.31,109025.0,109025.1
2025-08-31 19:19:49.178827+00:00,kraken,binance,0.003,3.2,109028.3,109028.31,109025.0,109025.1
2025-08-31 19:20:00.863598+00:00,kraken,binance,0.003,3.2,109028.3,109028.31,109025.0,109025.1
2025-08-31 19:20:11.757337+00:00,kraken,binance,0.003,2.74,109058.24,109058.25,109047.7,109055.5
2025-08-31 19:20:22.623400+00:00,kraken,binance,0.002,2.13,109076.43,109076.44,109065.9,109074.3
2025-08-31 19:20:33.917553+00:00,kraken,binance,0.004,4.43,109076.43,109076.44,109065.7,109072.0
2025-08-31 19:20:44.882560+00:00,kraken,binance,0.002,1.73,109076.43,109076.44,109065.9,109074.7
2025-08-31 19:20:55.944367+00:00,kraken,binance,0.002,1.93,109076.43,109076.44,109065.7,109074.5
2025-08-31 19:21:06.845215+00:00,kraken,binance,0.005,5.04,109065.04,109065.05,109059.9,109060.0
2025-08-31 19:21:17.694828+00:00,binance,kraken,0.003,3.38,109046.41,109046.42,109049.8,109049.9
2025-08-31 19:21:28.623056+00:00,binance,kraken,0.015,15.83,109033.96,109033.97,109049.8,109049.9
2025-08-31 19:21:39.534980+00:00,binance,kraken,0.015,15.83,109033.96,109033.97,109049.8,109049.9
2025-08-31 19:22:04.129675+00:00,kraken,binance,0.001,1.17,109041.37,109041.38,109036.9,109040.2
2025-08-31 19:22:15.416174+00:00,kraken,binance,0.004,4.17,109041.37,109041.38,109030.0,109037.2
2025-08-31 19:22:37.564323+00:00,kraken,binance,0.003,3.26,109033.96,109033.97,109023.8,109030.7
2025-08-31 19:22:59.554269+00:00,kraken,binance,0.002,2.56,109033.96,109033.97,109031.3,109031.4
2025-08-31 19:23:43.672524+00:00,binance,kraken,0.017,18.48,109009.31,109009.32,109027.8,109027.9
2025-08-31 19:23:56.003723+00:00,kraken,binance,0.004,4.41,109003.41,109003.42,108998.9,108999.0
2025-08-31 19:24:07.200905+00:00,kraken,binance,0.002,2.51,109003.41,109003.42,109000.8,109000.9
2025-08-31 19:24:18.538626+00:00,kraken,binance,0.002,2.51,109003.41,109003.42,109000.8,109000.9
2025-08-31 19:24:29.600736+00:00,kraken,binance,0.002,2.71,109003.41,109003.42,108991.4,109000.7
2025-08-31 19:24:40.627801+00:00,kraken,binance,0.002,2.71,109003.41,109003.42,109000.6,109000.7
2025-08-31 19:24:52.614322+00:00,binance,kraken,0.002,2.45,108990.94,108990.95,108993.4,108993.5
2025-08-31 19:25:03.653532+00:00,binance,kraken,0.002,1.95,108990.94,108990.95,108992.9,108998.1
2025-08-31 19:26:09.483965+00:00,binance,kraken,0.003,3.23,109000.46,109000.47,109003.7,109003.8
2025-08-31 19:26:20.519998+00:00,binance,kraken,0.003,3.13,109000.46,109000.47,109003.6,109003.7
2025-08-31 19:26:31.394644+00:00,kraken,binance,0.006,6.09,108990.19,108990.2,108984.0,108984.1
2025-08-31 19:26:42.416627+00:00,kraken,binance,0.006,6.09,108990.19,108990.2,108984.0,108984.1
2025-08-31 19:26:53.427982+00:00,binance,kraken,0.007,7.29,108972.0,108972.01,108979.3,108979.4
2025-08-31 19:27:04.422466+00:00,kraken,binance,0.002,2.71,108969.11,108969.12,108966.3,108966.4
2025-08-31 19:27:15.478337+00:00,kraken,binance,0.002,2.01,108969.11,108969.12,108967.0,108967.1
2025-08-31 19:27:27.821447+00:00,kraken,binance,0.002,2.11,108969.11,108969.12,108966.9,108967.0
2025-08-31 19:27:38.940687+00:00,kraken,binance,0.002,2.11,108969.11,108969.12,108966.9,108967.0
2025-08-31 19:28:23.606750+00:00,binance,kraken,0.002,2.28,108969.11,108969.12,108971.4,108971.5
2025-08-31 19:28:34.745922+00:00,binance,kraken,0.002,2.28,108969.11,108969.12,108971.4,108971.5
2025-08-31 19:28:45.878127+00:00,binance,kraken,0.002,2.28,108969.11,108969.12,108971.4,108971.5
2025-08-31 19:29:08.537203+00:00,kraken,binance,0.002,2.05,108988.25,108988.26,108986.1,108986.2
2025-08-31 19:29:19.716284+00:00,kraken,binance,0.002,2.05,108988.25,108988.26,108986.1,108986.2
2025-08-31 19:29:30.920886+00:00,kraken,binance,0.002,2.05,108988.25,108988.26,108986.1,108986.2
2025-08-31 19:29:42.137606+00:00,kraken,binance,0.002,2.62,108968.52,108968.53,108965.8,108965.9
2025-08-31 19:29:54.157025+00:00,kraken,binance,0.002,2.62,108968.52,108968.53,108965.8,108965.9
2025-08-31 19:30:05.128004+00:00,binance,kraken,0.002,1.97,108968.52,108968.53,108970.5,108970.6
2025-08-31 19:31:28.502479+00:00,kraken,binance,0.011,12.09,108985.99,108986.0,108973.8,108973.9
2025-08-31 19:31:39.415267+00:00,kraken,binance,0.011,12.09,108985.99,108986.0,108973.8,108973.9
2025-08-31 19:31:50.403121+00:00,kraken,binance,0.002,1.79,108985.99,108986.0,108979.7,108984.2
2025-08-31 19:34:35.348405+00:00,binance,kraken,0.004,3.9,108999.99,109000.0,109003.9,109004.0
2025-08-31 19:34:46.802661+00:00,binance,kraken,0.004,3.9,108999.99,109000.0,109003.9,109004.0
2025-08-31 19:35:19.948658+00:00,binance,kraken,0.003,2.92,109008.07,109008.08,109011.0,109011.1
2025-08-31 19:35:30.835685+00:00,binance,kraken,0.003,2.82,109008.07,109008.08,109010.9,109011.0
2025-08-31 19:35:41.688363+00:00,kraken,binance,0.017,18.66,109033.86,109033.87,109015.1,109015.2
2025-08-31 19:35:52.560889+00:00,kraken,binance,0.017,18.66,109033.86,109033.87,109015.1,109015.2
2025-08-31 19:36:25.554551+00:00,binance,kraken,0.001,1.55,109038.04,109038.05,109039.6,109039.7
2025-08-31 19:36:36.454718+00:00,kraken,binance,0.01,10.39,109050.39,109050.4,109039.9,109040.0
2025-08-31 19:36:47.435566+00:00,binance,kraken,0.001,1.2,109050.39,109050.4,109051.6,109051.7
2025-08-31 19:36:58.340710+00:00,binance,kraken,0.001,1.2,109050.39,109050.4,109051.6,109051.7
2025-08-31 19:37:31.714636+00:00,kraken,binance,0.002,2.69,109050.39,109050.4,109039.6,109047.7
2025-08-31 19:37:53.728770+00:00,kraken,binance,0.008,8.4,109042.0,109042.01,109033.5,109033.6
2025-08-31 19:38:05.009591+00:00,kraken,binance,0.011,12.39,109045.99,109046.0,109033.5,109033.6
2025-08-31 19:38:27.085135+00:00,kraken,binance,0.003,2.94,109048.54,109048.55,109045.5,109045.6
2025-08-31 19:38:38.191729+00:00,kraken,binance,0.003,2.95,109048.55,109048.56,109040.9,109045.6
2025-08-31 19:39:12.637820+00:00,kraken,binance,0.002,2.39,109067.99,109068.0,109065.5,109065.6
2025-08-31 19:39:23.528711+00:00,kraken,binance,0.004,4.09,109067.99,109068.0,109063.8,109063.9
2025-08-31 19:39:34.402561+00:00,kraken,binance,0.001,1.35,109074.55,109074.56,109073.1,109073.2
2025-08-31 19:39:45.275595+00:00,kraken,binance,0.001,1.35,109074.55,109074.56,109073.1,109073.2
2025-08-31 19:39:56.355317+00:00,kraken,binance,0.014,15.42,109088.62,109088.63,109073.1,109073.2
2025-08-31 19:40:07.391536+00:00,kraken,binance,0.001,1.45,109096.35,109096.36,109094.8,109094.9
2025-08-31 19:40:18.391897+00:00,kraken,binance,0.001,1.45,109096.35,109096.36,109094.8,109094.9
2025-08-31 19:40:29.526980+00:00,kraken,binance,0.001,1.45,109096.35,109096.36,109094.8,109094.9
2025-08-31 19:40:42.865406+00:00,kraken,binance,0.014,14.88,109114.98,109114.99,109100.0,109100.1
2025-08-31 19:41:07.760464+00:00,kraken,binance,0.005,5.18,109114.98,109114.99,109109.7,109109.8
2025-08-31 19:41:19.785158+00:00,kraken,binance,0.002,1.65,109111.45,109111.46,109109.7,109109.8
2025-08-31 19:41:31.154813+00:00,kraken,binance,0.002,2.0,109080.0,109080.01,109067.8,109078.0
2025-08-31 19:41:42.475439+00:00,kraken,binance,0.001,1.49,109067.19,109067.2,109065.6,109065.7
2025-08-31 19:41:53.581464+00:00,binance,kraken,0.011,12.13,109053.36,109053.37,109065.5,109065.6
2025-08-31 19:42:04.784195+00:00,kraken,binance,0.002,2.28,109072.48,109072.49,109070.1,109070.2
2025-08-31 19:42:15.867232+00:00,kraken,binance,0.005,5.58,109072.48,109072.49,109066.8,109066.9
2025-08-31 19:42:27.226162+00:00,kraken,binance,0.009,10.09,109075.99,109076.0,109065.8,109065.9
2025-08-31 19:42:38.691874+00:00,kraken,binance,0.01,10.97,109082.17,109082.18,109071.1,109071.2
2025-08-31 19:42:49.780997+00:00,kraken,binance,0.014,15.12,109096.02,109096.03,109080.8,109080.9
2025-08-31 19:43:00.714303+00:00,kraken,binance,0.001,1.32,109096.02,109096.03,109094.6,109094.7
2025-08-31 19:43:11.648844+00:00,kraken,binance,0.011,11.71,109106.41,109106.42,109094.6,109094.7
2025-08-31 19:43:22.533548+00:00,kraken,binance,0.004,4.41,109106.41,109106.42,109101.9,109102.0
2025-08-31 19:43:33.530790+00:00,kraken,binance,0.004,4.41,109106.41,109106.42,109101.9,109102.0
2025-08-31 19:43:44.436989+00:00,kraken,binance,0.004,4.41,109106.41,109106.42,109101.9,109102.0
2025-08-31 19:43:55.526718+00:00,kraken,binance,0.004,4.41,109106.41,109106.42,109101.9,109102.0
2025-08-31 19:44:07.382403+00:00,kraken,binance,0.004,4.41,109106.41,109106.42,109101.9,109102.0
2025-08-31 19:44:18.243499+00:00,kraken,binance,0.004,4.41,109106.41,109106.42,109101.9,109102.0
2025-08-31 19:44:29.504525+00:00,kraken,binance,0.004,4.41,109106.41,109106.42,109101.9,109102.0
2025-08-31 19:44:40.378392+00:00,kraken,binance,0.004,4.41,109106.41,109106.42,109101.9,109102.0
2025-08-31 19:44:51.440945+00:00,kraken,binance,0.004,4.41,109106.41,109106.42,109101.9,109102.0
2025-08-31 19:45:02.464634+00:00,kraken,binance,0.004,4.41,109106.41,109106.42,109101.9,109102.0
2025-08-31 19:45:13.493838+00:00,binance,kraken,0.004,4.38,109097.51,109097.52,109101.9,109102.0
2025-08-31 19:45:36.295503+00:00,kraken,binance,0.001,1.3,109060.0,109060.01,109058.1,109058.7
2025-08-31 19:45:47.406716+00:00,kraken,binance,0.002,1.8,109060.0,109060.01,109058.1,109058.2
2025-08-31 19:45:58.283550+00:00,kraken,binance,0.002,1.8,109060.0,109060.01,109058.1,109058.2
2025-08-31 19:46:09.247353+00:00,kraken,binance,0.002,1.7,109060.0,109060.01,109058.1,109058.3
2025-08-31 19:46:20.140830+00:00,kraken,binance,0.002,1.8,109060.0,109060.01,109058.1,109058.2
2025-08-31 19:46:31.121544+00:00,kraken,binance,0.002,1.8,109060.0,109060.01,109058.1,109058.2
2025-08-31 19:46:52.905046+00:00,binance,kraken,0.016,17.59,109042.0,109042.01,109059.6,109059.7
2025-08-31 19:47:04.165250+00:00,binance,kraken,0.016,17.59,109042.0,109042.01,109059.6,109059.7
2025-08-31 19:47:15.186927+00:00,kraken,binance,0.004,4.79,109029.69,109029.7,109014.9,109024.9
2025-08-31 19:47:26.227689+00:00,kraken,binance,0.004,4.79,109029.69,109029.7,109016.4,109024.9
2025-08-31 19:47:37.187327+00:00,kraken,binance,0.002,2.69,109029.69,109029.7,109024.8,109027.0
2025-08-31 19:47:48.664239+00:00,kraken,binance,0.002,2.69,109029.69,109029.7,109026.6,109027.0
2025-08-31 19:47:59.590322+00:00,kraken,binance,0.001,1.39,109029.69,109029.7,109018.3,109028.3
2025-08-31 19:48:10.537143+00:00,kraken,binance,0.001,1.39,109029.69,109029.7,109023.0,109028.3
2025-08-31 19:48:21.542756+00:00,kraken,binance,0.001,1.49,109029.69,109029.7,109027.5,109028.2
2025-08-31 19:48:33.095621+00:00,binance,kraken,0.006,6.25,109020.94,109020.95,109027.2,109028.3
2025-08-31 19:48:44.339021+00:00,kraken,binance,0.008,8.74,109020.94,109020.95,109008.0,109012.2
2025-08-31 19:48:56.066448+00:00,kraken,binance,0.002,2.18,109012.48,109012.49,109006.7,109010.3
2025-08-31 19:49:07.704569+00:00,kraken,binance,0.002,2.18,109012.48,109012.49,109010.1,109010.3
2025-08-31 19:49:18.903841+00:00,kraken,binance,0.002,2.18,109012.48,109012.49,109010.2,109010.3
2025-08-31 19:49:30.190605+00:00,kraken,binance,0.002,2.18,109012.48,109012.49,109008.2,109010.3
2025-08-31 19:49:41.518110+00:00,kraken,binance,0.002,2.18,109012.48,109012.49,109008.0,109010.3
2025-08-31 19:49:52.710895+00:00,kraken,binance,0.002,2.18,109012.48,109012.49,109007.3,109010.3
2025-08-31 19:50:03.775489+00:00,kraken,binance,0.002,2.18,109012.48,109012.49,109003.4,109010.3
2025-08-31 19:50:14.837997+00:00,kraken,binance,0.002,2.18,109012.48,109012.49,109003.1,109010.3
2025-08-31 19:51:21.493670+00:00,kraken,binance,0.003,3.18,109012.48,109012.49,109006.5,109009.3
2025-08-31 19:51:32.512133+00:00,kraken,binance,0.004,4.28,109012.48,109012.49,109006.5,109008.2
2025-08-31 19:51:43.488028+00:00,kraken,binance,0.005,5.7,109009.3,109009.31,109003.5,109003.6
2025-08-31 19:51:54.411660+00:00,kraken,binance,0.004,4.26,108995.36,108995.37,108991.0,108991.1
2025-08-31 19:52:17.581977+00:00,binance,kraken,0.016,17.14,108973.85,108973.86,108991.0,108991.1
2025-08-31 19:52:41.137690+00:00,kraken,binance,0.004,3.94,108992.74,108992.75,108981.1,108988.8
2025-08-31 19:52:52.386616+00:00,kraken,binance,0.005,5.49,108990.19,108990.2,108981.1,108984.7
2025-08-31 19:53:03.531493+00:00,kraken,binance,0.008,8.19,108990.19,108990.2,108981.1,108982.0
2025-08-31 19:53:27.104948+00:00,kraken,binance,0.001,1.11,108982.31,108982.32,108981.1,108981.2
2025-08-31 19:53:38.213897+00:00,kraken,binance,0.003,3.55,108963.65,108963.66,108952.7,108960.1
2025-08-31 19:53:49.864673+00:00,kraken,binance,0.006,6.95,108963.65,108963.66,108956.6,108956.7
2025-08-31 19:54:00.861355+00:00,kraken,binance,0.007,7.32,108960.02,108960.03,108952.6,108952.7
2025-08-31 19:55:42.637409+00:00,binance,kraken,0.023,25.49,108952.0,108952.01,108977.5,108977.6
2025-08-31 19:55:53.745361+00:00,binance,kraken,0.023,25.49,108952.0,108952.01,108977.5,108977.6
2025-08-31 19:56:04.665216+00:00,binance,kraken,0.002,2.59,108940.0,108940.01,108942.6,108942.7
2025-08-31 19:56:16.033134+00:00,kraken,binance,0.004,4.17,108929.77,108929.78,108925.5,108925.6
2025-08-31 19:56:27.286087+00:00,binance,kraken,0.007,7.18,108918.21,108918.22,108925.4,108925.5
2025-08-31 19:56:38.278940+00:00,kraken,binance,0.003,2.94,108928.44,108928.45,108925.4,108925.5
2025-08-31 19:57:11.211541+00:00,kraken,binance,0.002,1.77,108944.47,108944.48,108942.6,108942.7
2025-08-31 19:57:22.203521+00:00,kraken,binance,0.002,1.77,108944.47,108944.48,108942.6,108942.7
2025-08-31 19:57:33.210581+00:00,kraken,binance,0.002,1.97,108944.47,108944.48,108942.4,108942.5
2025-08-31 19:57:45.182541+00:00,kraken,binance,0.002,1.77,108944.47,108944.48,108942.6,108942.7
2025-08-31 19:57:56.098460+00:00,kraken,binance,0.004,4.47,108944.47,108944.48,108939.9,108940.0
2025-08-31 19:58:07.081906+00:00,kraken,binance,0.005,5.68,108916.28,108916.29,108905.4,108910.6
2025-08-31 19:58:17.989850+00:00,kraken,binance,0.005,5.78,108916.28,108916.29,108910.4,108910.5
2025-08-31 19:58:28.935665+00:00,kraken,binance,0.005,5.48,108916.28,108916.29,108910.7,108910.8
2025-08-31 19:58:40.397661+00:00,kraken,binance,0.003,3.28,108916.28,108916.29,108905.3,108913.0
2025-08-31 19:58:51.433259+00:00,kraken,binance,0.004,3.98,108916.28,108916.29,108905.3,108912.3
2025-08-31 19:59:02.476353+00:00,kraken,binance,0.003,3.68,108916.28,108916.29,108905.3,108912.6
2025-08-31 19:59:13.524925+00:00,kraken,binance,0.003,3.38,108916.28,108916.29,108912.8,108912.9
2025-08-31 20:00:20.832056+00:00,kraken,binance,0.003,2.86,108937.86,108937.87,108934.9,108935.0
2025-08-31 20:00:31.914827+00:00,kraken,binance,0.002,2.51,108907.91,108907.92,108905.3,108905.4
2025-08-31 20:00:43.292961+00:00,kraken,binance,0.001,1.11,108907.91,108907.92,108906.7,108906.8
2025-08-31 20:00:54.452504+00:00,kraken,binance,0.001,1.11,108907.91,108907.92,108906.7,108906.8
2025-08-31 20:01:06.344307+00:00,kraken,binance,0.001,1.11,108907.91,108907.92,108906.7,108906.8
2025-08-31 20:01:17.322612+00:00,binance,kraken,0.016,16.97,108888.32,108888.33,108905.3,108905.4
2025-08-31 20:01:28.464378+00:00,binance,kraken,0.014,15.19,108880.0,108880.01,108895.2,108895.3
2025-08-31 20:01:39.443731+00:00,binance,kraken,0.009,9.99,108880.0,108880.01,108890.0,108890.1
2025-08-31 20:01:50.644805+00:00,binance,kraken,0.007,7.2,108882.79,108882.8,108890.0,108890.1
2025-08-31 20:02:02.230896+00:00,binance,kraken,0.007,7.2,108882.79,108882.8,108890.0,108890.1
2025-08-31 20:02:13.194592+00:00,binance,kraken,0.007,7.2,108882.79,108882.8,108890.0,108890.1
2025-08-31 20:02:24.130547+00:00,binance,kraken,0.005,4.99,108885.0,108885.01,108890.0,108890.1
2025-08-31 20:02:35.136227+00:00,binance,kraken,0.005,4.99,108885.0,108885.01,108890.0,108890.1
2025-08-31 20:02:46.230494+00:00,kraken,binance,0.005,5.71,108898.11,108898.12,108892.3,108892.4
2025-08-31 20:02:57.255556+00:00,kraken,binance,0.016,17.44,108917.24,108917.25,108899.7,108899.8
2025-08-31 20:03:08.152386+00:00,kraken,binance,0.033,35.9,108935.7,108935.71,108899.7,108899.8
2025-08-31 20:04:03.140570+00:00,kraken,binance,0.004,4.03,108952.83,108952.84,108948.7,108948.8
2025-08-31 20:04:14.072187+00:00,kraken,binance,0.002,2.43,108952.83,108952.84,108950.3,108950.4
2025-08-31 20:04:24.976917+00:00,binance,kraken,0.004,3.86,108952.83,108952.84,108956.7,108956.8
2025-08-31 20:05:09.472475+00:00,binance,kraken,0.002,2.56,108952.83,108952.84,108955.4,108955.5
2025-08-31 20:05:31.401781+00:00,kraken,binance,0.002,2.0,108965.5,108965.51,108962.6,108963.5
2025-08-31 20:05:42.289132+00:00,kraken,binance,0.002,2.0,108965.5,108965.51,108962.7,108963.5
2025-08-31 20:05:53.629868+00:00,kraken,binance,0.007,7.94,108974.84,108974.85,108966.8,108966.9
2025-08-31 20:06:04.574546+00:00,kraken,binance,0.004,4.34,108974.84,108974.85,108970.4,108970.5
2025-08-31 20:06:16.393638+00:00,kraken,binance,0.004,4.34,108974.84,108974.85,108970.4,108970.5
2025-08-31 20:06:27.888867+00:00,kraken,binance,0.004,4.34,108974.84,108974.85,108970.4,108970.5
2025-08-31 20:06:38.778451+00:00,binance,kraken,0.002,2.55,108974.84,108974.85,108977.4,108977.5
2025-08-31 20:06:49.883996+00:00,binance,kraken,0.003,2.95,108974.84,108974.85,108977.8,108977.9
2025-08-31 20:07:01.006021+00:00,binance,kraken,0.002,1.75,108974.84,108974.85,108976.6,108976.7
2025-08-31 20:07:11.913754+00:00,kraken,binance,0.003,3.35,108943.75,108943.76,108940.3,108940.4
2025-08-31 20:07:22.868714+00:00,binance,kraken,0.003,3.54,108943.75,108943.76,108947.3,108947.4
2025-08-31 20:07:34.043548+00:00,binance,kraken,0.005,5.54,108943.75,108943.76,108949.3,108949.4
2025-08-31 20:07:56.248030+00:00,binance,kraken,0.004,4.74,108943.75,108943.76,108948.5,108948.6
2025-08-31 20:08:07.265757+00:00,binance,kraken,0.003,2.9,108977.49,108977.5,108980.4,108985.3
2025-08-31 20:08:30.095691+00:00,binance,kraken,0.004,4.9,108977.49,108977.5,108982.4,108982.5
2025-08-31 20:08:41.408182+00:00,binance,kraken,0.004,4.9,108977.49,108977.5,108982.4,108982.5
2025-08-31 20:08:52.567713+00:00,binance,kraken,0.004,4.9,108977.49,108977.5,108982.4,108982.5
2025-08-31 20:09:03.829891+00:00,binance,kraken,0.002,2.19,108999.5,108999.51,109001.7,109001.8
2025-08-31 20:09:16.923179+00:00,binance,kraken,0.004,4.62,109006.67,109006.68,109011.3,109011.4
2025-08-31 20:09:28.088952+00:00,binance,kraken,0.001,1.49,109016.9,109016.91,109018.4,109026.6
2025-08-31 20:09:39.263463+00:00,binance,kraken,0.005,5.49,109016.9,109016.91,109022.4,109022.5
2025-08-31 20:09:50.412674+00:00,binance,kraken,0.006,6.46,109019.23,109019.24,109025.7,109025.8
2025-08-31 20:10:46.147585+00:00,kraken,binance,0.009,9.79,109035.49,109035.5,109025.6,109025.7
2025-08-31 20:10:57.148457+00:00,kraken,binance,0.005,5.06,109035.76,109035.77,109030.6,109030.7
2025-08-31 20:11:08.388281+00:00,kraken,binance,0.001,1.26,109035.76,109035.77,109034.4,109034.5
2025-08-31 20:11:20.120002+00:00,binance,kraken,0.006,6.0,109041.99,109042.0,109048.0,109048.1
2025-08-31 20:11:32.546137+00:00,binance,kraken,0.001,1.4,109050.39,109050.4,109051.8,109051.9
2025-08-31 20:11:43.459826+00:00,binance,kraken,0.001,1.4,109050.39,109050.4,109051.8,109051.9
2025-08-31 20:11:54.372787+00:00,binance,kraken,0.001,1.4,109050.39,109050.4,109051.8,109051.9
2025-08-31 20:12:05.247006+00:00,binance,kraken,0.001,1.4,109050.39,109050.4,109051.8,109051.9
2025-08-31 20:12:16.236940+00:00,kraken,binance,0.001,1.51,109078.21,109078.22,109076.6,109076.7
2025-08-31 20:12:27.350450+00:00,kraken,binance,0.001,1.51,109078.21,109078.22,109076.6,109076.7
2025-08-31 20:12:39.272311+00:00,kraken,binance,0.001,1.51,109078.21,109078.22,109076.6,109076.7
2025-08-31 20:13:37.125975+00:00,kraken,binance,0.001,1.24,109091.34,109091.35,109090.0,109090.1
2025-08-31 20:13:48.307821+00:00,kraken,binance,0.004,3.9,109106.1,109106.11,109102.1,109102.2
2025-08-31 20:13:59.466614+00:00,kraken,binance,0.004,3.9,109106.1,109106.11,109102.1,109102.2
2025-08-31 20:14:10.711466+00:00,kraken,binance,0.004,3.9,109106.1,109106.11,109102.1,109102.2
2025-08-31 20:14:21.847490+00:00,kraken,binance,0.004,3.9,109106.1,109106.11,109102.1,109102.2
2025-08-31 20:14:32.959170+00:00,binance,kraken,0.049,53.28,109048.81,109048.82,109102.1,109102.2
2025-08-31 20:14:45.492457+00:00,kraken,binance,0.011,12.39,109048.49,109048.5,109036.0,109036.1
2025-08-31 20:14:56.690575+00:00,kraken,binance,0.009,10.19,109048.49,109048.5,109038.2,109038.3
2025-08-31 20:15:07.873825+00:00,kraken,binance,0.014,15.11,109053.21,109053.22,109038.0,109038.1
2025-08-31 20:16:15.520809+00:00,binance,kraken,0.001,1.13,109059.56,109059.57,109060.7,109060.8
2025-08-31 20:17:10.144458+00:00,kraken,binance,0.001,1.46,109059.56,109059.57,109058.0,109058.1
2025-08-31 20:17:21.230610+00:00,binance,kraken,0.01,10.69,109042.0,109042.01,109052.7,109052.8
2025-08-31 20:17:33.977548+00:00,binance,kraken,0.01,10.69,109042.0,109042.01,109052.7,109052.8
2025-08-31 20:17:45.200539+00:00,binance,kraken,0.057,62.33,108990.36,108990.37,109052.7,109052.8
2025-08-31 20:17:56.388041+00:00,binance,kraken,0.057,62.33,108990.36,108990.37,109052.7,109052.8
2025-08-31 20:18:08.050443+00:00,binance,kraken,0.052,56.47,108996.22,108996.23,109052.7,109052.8
2025-08-31 20:18:19.218247+00:00,binance,kraken,0.048,52.78,108999.91,108999.92,109052.7,109052.8
2025-08-31 20:18:30.363871+00:00,binance,kraken,0.044,48.18,109004.51,109004.52,109052.7,109052.8
2025-08-31 20:18:41.587036+00:00,binance,kraken,0.044,48.18,109004.51,109004.52,109052.7,109052.8
2025-08-31 20:18:52.969802+00:00,binance,kraken,0.044,48.18,109004.51,109004.52,109052.7,109052.8
2025-08-31 20:19:04.253957+00:00,binance,kraken,0.044,48.18,109004.51,109004.52,109052.7,109052.8
2025-08-31 20:19:15.435060+00:00,binance,kraken,0.044,48.18,109004.51,109004.52,109052.7,109052.8
2025-08-31 20:19:27.703869+00:00,binance,kraken,0.044,48.18,109004.51,109004.52,109052.7,109052.8
2025-08-31 20:19:38.893633+00:00,binance,kraken,0.044,48.18,109004.51,109004.52,109052.7,109052.8
2025-08-31 20:19:49.849855+00:00,binance,kraken,0.044,48.18,109004.51,109004.52,109052.7,109052.8
2025-08-31 20:20:00.730804+00:00,binance,kraken,0.044,48.18,109004.51,109004.52,109052.7,109052.8
2025-08-31 20:20:14.992272+00:00,binance,kraken,0.083,90.22,108962.47,108962.48,109052.7,109052.8
2025-08-31 20:20:38.410782+00:00,kraken,binance,0.001,1.17,108962.47,108962.48,108961.2,108961.3
2025-08-31 20:21:23.416539+00:00,kraken,binance,0.002,2.5,108964.0,108964.01,108961.4,108961.5
2025-08-31 20:21:34.606943+00:00,kraken,binance,0.002,2.5,108964.0,108964.01,108961.4,108961.5
2025-08-31 20:21:45.750688+00:00,kraken,binance,0.002,2.5,108964.0,108964.01,108961.4,108961.5
2025-08-31 20:21:58.297476+00:00,kraken,binance,0.002,2.5,108964.0,108964.01,108961.4,108961.5
2025-08-31 20:22:11.367626+00:00,kraken,binance,0.002,2.5,108964.0,108964.01,108961.4,108961.5
2025-08-31 20:22:22.826836+00:00,kraken,binance,0.002,2.5,108964.0,108964.01,108961.4,108961.5
2025-08-31 20:22:33.906080+00:00,kraken,binance,0.002,1.81,108971.11,108971.12,108969.2,108969.3
2025-08-31 20:23:02.686324+00:00,kraken,binance,0.002,1.99,108972.09,108972.1,108968.5,108970.1
2025-08-31 20:23:13.605470+00:00,kraken,binance,0.002,2.09,108972.09,108972.1,108967.3,108970.0
2025-08-31 20:24:00.753420+00:00,kraken,binance,0.002,2.07,109037.97,109037.98,109030.9,109035.9
2025-08-31 20:24:12.708313+00:00,kraken,binance,0.006,7.07,109037.97,109037.98,109030.8,109030.9
2025-08-31 20:24:23.585981+00:00,kraken,binance,0.006,7.07,109037.97,109037.98,109030.8,109030.9
2025-08-31 20:24:34.483188+00:00,kraken,binance,0.006,7.07,109037.97,109037.98,109030.8,109030.9
2025-08-31 20:24:45.499854+00:00,kraken,binance,0.01,11.37,109037.97,109037.98,109026.5,109026.6
2025-08-31 20:24:56.540029+00:00,binance,kraken,0.002,2.14,109020.25,109020.26,109022.4,109022.5
2025-08-31 20:25:07.497469+00:00,kraken,binance,0.004,4.59,109029.99,109030.0,109025.3,109025.4
2025-08-31 20:25:18.422150+00:00,kraken,binance,0.006,6.69,109029.99,109030.0,109023.2,109023.3
2025-08-31 20:25:29.533210+00:00,kraken,binance,0.006,6.69,109029.99,109030.0,109023.2,109023.3
2025-08-31 20:25:40.412421+00:00,kraken,binance,0.006,6.69,109029.99,109030.0,109023.2,109023.3
2025-08-31 20:25:51.555360+00:00,kraken,binance,0.008,9.12,109037.62,109037.63,109028.4,109028.5
2025-08-31 20:26:02.480903+00:00,kraken,binance,0.009,10.13,109047.33,109047.34,109037.1,109037.2
2025-08-31 20:26:13.381290+00:00,kraken,binance,0.009,10.13,109047.33,109047.34,109037.1,109037.2
2025-08-31 20:26:24.505185+00:00,kraken,binance,0.01,10.43,109047.63,109047.64,109037.1,109037.2
2025-08-31 20:26:35.450432+00:00,kraken,binance,0.01,10.43,109047.63,109047.64,109037.1,109037.2
2025-08-31 20:26:46.304540+00:00,kraken,binance,0.01,10.43,109047.63,109047.64,109037.1,109037.2
2025-08-31 20:26:58.188380+00:00,kraken,binance,0.01,10.43,109047.63,109047.64,109037.1,109037.2
2025-08-31 20:27:10.678184+00:00,kraken,binance,0.003,2.81,109056.71,109056.72,109053.8,109053.9
2025-08-31 20:27:22.007735+00:00,kraken,binance,0.011,11.68,109065.58,109065.59,109053.8,109053.9
2025-08-31 20:27:32.896041+00:00,kraken,binance,0.002,2.44,109075.34,109075.35,109072.8,109072.9
2025-08-31 20:27:43.804692+00:00,kraken,binance,0.005,5.24,109075.34,109075.35,109070.0,109070.1
2025-08-31 20:28:16.789704+00:00,kraken,binance,0.01,10.48,109065.58,109065.59,109055.0,109055.1
2025-08-31 20:28:27.713332+00:00,kraken,binance,0.013,14.48,109065.58,109065.59,109051.0,109051.1
2025-08-31 20:28:38.586845+00:00,kraken,binance,0.013,14.48,109065.58,109065.59,109051.0,109051.1
2025-08-31 20:28:50.231976+00:00,kraken,binance,0.013,14.48,109065.58,109065.59,109051.0,109051.1
2025-08-31 20:29:01.156261+00:00,kraken,binance,0.013,14.48,109065.58,109065.59,109051.0,109051.1
2025-08-31 20:29:12.122404+00:00,kraken,binance,0.013,14.48,109065.58,109065.59,109051.0,109051.1
2025-08-31 20:29:22.991916+00:00,kraken,binance,0.013,14.48,109065.58,109065.59,109051.0,109051.1
2025-08-31 20:29:34.959995+00:00,kraken,binance,0.013,14.48,109065.58,109065.59,109051.0,109051.1
2025-08-31 20:29:45.826348+00:00,kraken,binance,0.013,14.48,109065.58,109065.59,109051.0,109051.1
2025-08-31 20:29:56.763798+00:00,kraken,binance,0.013,14.48,109065.58,109065.59,109051.0,109051.1
2025-08-31 20:30:07.670525+00:00,kraken,binance,0.013,14.48,109065.58,109065.59,109051.0,109051.1
2025-08-31 20:30:19.046721+00:00,kraken,binance,0.014,15.18,109065.58,109065.59,109050.3,109050.4
2025-08-31 20:30:29.952476+00:00,kraken,binance,0.016,17.28,109066.68,109066.69,109049.3,109049.4
2025-08-31 20:30:41.981436+00:00,kraken,binance,0.004,4.78,109066.68,109066.69,109061.8,109061.9
2025-08-31 20:30:53.125898+00:00,kraken,binance,0.012,13.26,109075.16,109075.17,109061.8,109061.9
2025-08-31 20:31:04.194698+00:00,kraken,binance,0.012,13.26,109075.16,109075.17,109061.8,109061.9
2025-08-31 20:31:15.305581+00:00,kraken,binance,0.008,8.23,109070.13,109070.14,109061.8,109061.9
2025-08-31 20:31:26.206767+00:00,kraken,binance,0.008,8.23,109070.13,109070.14,109061.8,109061.9
2025-08-31 20:31:37.282260+00:00,kraken,binance,0.016,17.83,109090.73,109090.74,109072.8,109072.9
2025-08-31 20:31:48.232777+00:00,kraken,binance,0.017,18.12,109101.92,109101.93,109083.7,109083.8
2025-08-31 20:32:00.100588+00:00,kraken,binance,0.012,12.6,109117.0,109117.01,109104.3,109104.4
2025-08-31 20:32:11.004592+00:00,kraken,binance,0.007,7.27,109111.67,109111.68,109104.3,109104.4
2025-08-31 20:32:21.865550+00:00,kraken,binance,0.014,14.97,109111.67,109111.68,109096.6,109096.7
2025-08-31 20:32:32.772131+00:00,kraken,binance,0.014,14.97,109111.67,109111.68,109096.6,109096.7
2025-08-31 20:32:43.633147+00:00,kraken,binance,0.015,15.97,109111.67,109111.68,109095.6,109095.7
2025-08-31 20:32:54.645110+00:00,kraken,binance,0.015,15.97,109111.67,109111.68,109095.6,109095.7
2025-08-31 20:33:05.972400+00:00,kraken,binance,0.015,15.97,109111.67,109111.68,109095.6,109095.7
2025-08-31 20:33:18.406346+00:00,kraken,binance,0.015,15.97,109111.67,109111.68,109095.6,109095.7
2025-08-31 20:33:29.523689+00:00,kraken,binance,0.015,15.97,109111.67,109111.68,109095.6,109095.7
2025-08-31 20:33:40.535392+00:00,kraken,binance,0.012,13.59,109117.99,109118.0,109104.3,109104.4
2025-08-31 20:33:51.437403+00:00,kraken,binance,0.012,13.59,109117.99,109118.0,109104.3,109104.4
2025-08-31 20:34:02.343469+00:00,kraken,binance,0.012,13.59,109117.99,109118.0,109104.3,109104.4
2025-08-31 20:34:13.493830+00:00,kraken,binance,0.011,12.33,109116.73,109116.74,109104.3,109104.4
2025-08-31 20:34:24.508644+00:00,kraken,binance,0.01,10.41,109106.11,109106.12,109095.6,109095.7
2025-08-31 20:34:38.041662+00:00,kraken,binance,0.01,10.4,109106.1,109106.11,109095.6,109095.7
2025-08-31 20:34:49.174034+00:00,kraken,binance,0.01,10.4,109106.1,109106.11,109095.6,109095.7
2025-08-31 20:35:00.057819+00:00,kraken,binance,0.01,10.4,109106.1,109106.11,109095.6,109095.7
2025-08-31 20:35:10.971885+00:00,kraken,binance,0.01,10.4,109106.1,109106.11,109095.6,109095.7
2025-08-31 20:35:21.859009+00:00,kraken,binance,0.01,10.4,109106.1,109106.11,109095.6,109095.7
2025-08-31 20:35:32.733228+00:00,kraken,binance,0.009,10.2,109106.1,109106.11,109095.6,109095.9
2025-08-31 20:35:43.656326+00:00,kraken,binance,0.009,9.8,109106.1,109106.11,109095.6,109096.3
2025-08-31 20:35:54.523456+00:00,kraken,binance,0.008,8.9,109106.1,109106.11,109095.8,109097.2
2025-08-31 20:36:06.643449+00:00,kraken,binance,0.008,8.9,109106.1,109106.11,109094.8,109097.2
2025-08-31 20:36:17.594166+00:00,kraken,binance,0.01,10.5,109106.1,109106.11,109092.2,109095.6
2025-08-31 20:36:28.503463+00:00,kraken,binance,0.013,13.8,109106.1,109106.11,109092.2,109092.3
2025-08-31 20:36:39.609762+00:00,kraken,binance,0.012,13.0,109106.1,109106.11,109092.3,109093.1
2025-08-31 20:36:50.559015+00:00,kraken,binance,0.012,13.0,109106.1,109106.11,109092.3,109093.1
2025-08-31 20:37:01.448298+00:00,kraken,binance,0.012,13.0,109106.1,109106.11,109092.3,109093.1
2025-08-31 20:37:13.262588+00:00,kraken,binance,0.012,13.0,109106.1,109106.11,109093.0,109093.1
2025-08-31 20:37:24.132695+00:00,binance,kraken,0.002,2.2,109075.39,109075.4,109077.6,109090.0
2025-08-31 20:37:35.098392+00:00,kraken,binance,0.003,3.49,109062.79,109062.8,109049.9,109059.3
2025-08-31 20:37:46.085267+00:00,kraken,binance,0.004,4.59,109062.79,109062.8,109051.6,109058.2
2025-08-31 20:37:57.056629+00:00,kraken,binance,0.002,2.39,109062.79,109062.8,109058.4,109060.4
2025-08-31 20:38:07.994480+00:00,kraken,binance,0.007,7.94,109048.34,109048.35,109038.7,109040.4
2025-08-31 20:38:18.956293+00:00,kraken,binance,0.003,3.37,109043.77,109043.78,109038.7,109040.4
2025-08-31 20:38:29.935061+00:00,kraken,binance,0.005,5.37,109043.77,109043.78,109029.6,109038.4
2025-08-31 20:38:41.429930+00:00,kraken,binance,0.003,3.05,109029.05,109029.06,109016.2,109026.0
2025-08-31 20:38:52.414254+00:00,kraken,binance,0.003,3.75,109029.05,109029.06,109015.9,109025.3
2025-08-31 20:39:03.306518+00:00,kraken,binance,0.004,4.45,109029.05,109029.06,109020.2,109024.6
2025-08-31 20:39:14.883296+00:00,kraken,binance,0.004,4.55,109029.05,109029.06,109016.5,109024.5
2025-08-31 20:39:36.990871+00:00,kraken,binance,0.008,9.05,109029.05,109029.06,109018.0,109020.0
2025-08-31 20:39:48.108186+00:00,kraken,binance,0.008,9.05,109029.05,109029.06,109018.5,109020.0
2025-08-31 20:40:00.467042+00:00,kraken,binance,0.008,8.2,108999.3,108999.31,108981.7,108991.1
2025-08-31 20:40:11.546737+00:00,kraken,binance,0.003,3.09,108990.19,108990.2,108975.4,108987.1
2025-08-31 20:40:22.907873+00:00,kraken,binance,0.005,5.79,108990.19,108990.2,108975.1,108984.4
2025-08-31 20:40:34.378333+00:00,kraken,binance,0.006,6.02,108970.32,108970.33,108958.0,108964.3
2025-08-31 20:40:45.472085+00:00,kraken,binance,0.006,6.02,108970.32,108970.33,108964.2,108964.3
2025-08-31 20:40:56.338723+00:00,kraken,binance,0.006,6.02,108970.32,108970.33,108964.2,108964.3
2025-08-31 20:41:07.666683+00:00,kraken,binance,0.015,16.03,108990.73,108990.74,108974.6,108974.7
2025-08-31 20:41:18.542428+00:00,kraken,binance,0.015,16.03,108990.73,108990.74,108974.6,108974.7
2025-08-31 20:41:29.456034+00:00,kraken,binance,0.015,16.03,108990.73,108990.74,108974.6,108974.7
2025-08-31 20:41:40.341784+00:00,kraken,binance,0.015,16.03,108990.73,108990.74,108974.6,108974.7
2025-08-31 20:41:51.453292+00:00,kraken,binance,0.015,16.03,108990.73,108990.74,108974.6,108974.7
2025-08-31 20:42:02.349792+00:00,kraken,binance,0.024,26.34,109001.04,109001.05,108974.6,108974.7
2025-08-31 20:42:13.308629+00:00,kraken,binance,0.005,5.94,109001.04,109001.05,108995.0,108995.1
2025-08-31 20:42:24.195909+00:00,kraken,binance,0.005,5.94,109001.04,109001.05,108995.0,108995.1
2025-08-31 20:42:35.075608+00:00,kraken,binance,0.005,5.94,109001.04,109001.05,108995.0,108995.1
2025-08-31 20:42:46.111793+00:00,kraken,binance,0.009,9.51,109004.61,109004.62,108995.0,108995.1
2025-08-31 20:42:57.205345+00:00,kraken,binance,0.009,9.51,109004.61,109004.62,108995.0,108995.1
2025-08-31 20:43:08.178628+00:00,kraken,binance,0.009,9.51,109004.61,109004.62,108995.0,108995.1
2025-08-31 20:43:19.088551+00:00,kraken,binance,0.009,9.51,109004.61,109004.62,108995.0,108995.1
2025-08-31 20:43:32.090549+00:00,kraken,binance,0.009,9.51,109004.61,109004.62,108995.0,108995.1
2025-08-31 20:43:43.023824+00:00,kraken,binance,0.009,9.51,109004.61,109004.62,108995.0,108995.1
2025-08-31 20:43:55.085401+00:00,kraken,binance,0.009,9.51,109004.61,109004.62,108995.0,108995.1
2025-08-31 20:44:05.960003+00:00,kraken,binance,0.009,9.51,109004.61,109004.62,108995.0,108995.1
2025-08-31 20:44:16.848451+00:00,kraken,binance,0.009,9.51,109004.61,109004.62,108995.0,108995.1
2025-08-31 20:44:27.750644+00:00,kraken,binance,0.029,32.02,109048.22,109048.23,109016.1,109016.2
2025-08-31 20:44:38.912794+00:00,binance,kraken,0.007,7.57,109048.22,109048.23,109055.8,109055.9
2025-08-31 20:45:02.869811+00:00,kraken,binance,0.004,4.5,109042.0,109042.01,109031.2,109037.5
2025-08-31 20:45:25.428577+00:00,kraken,binance,0.002,2.0,109042.0,109042.01,109030.1,109040.0
2025-08-31 20:45:59.148383+00:00,kraken,binance,0.003,3.13,109022.73,109022.74,109019.5,109019.6
2025-08-31 20:46:11.061647+00:00,kraken,binance,0.001,1.63,109022.73,109022.74,109021.0,109021.1
2025-08-31 20:46:21.972278+00:00,kraken,binance,0.001,1.63,109022.73,109022.74,109021.0,109021.1
2025-08-31 20:46:32.898320+00:00,kraken,binance,0.001,1.63,109022.73,109022.74,109021.0,109021.1
2025-08-31 20:46:54.675166+00:00,binance,kraken,0.002,2.45,109022.74,109022.75,109025.2,109025.3
2025-08-31 20:47:05.704377+00:00,binance,kraken,0.002,2.45,109022.74,109022.75,109025.2,109025.3
2025-08-31 20:47:16.598833+00:00,binance,kraken,0.002,2.45,109022.74,109022.75,109025.2,109025.3
2025-08-31 20:47:27.537993+00:00,binance,kraken,0.002,2.45,109022.74,109022.75,109025.2,109025.3
2025-08-31 20:47:38.408324+00:00,binance,kraken,0.002,1.75,109022.74,109022.75,109024.5,109025.1
2025-08-31 20:48:00.531720+00:00,kraken,binance,0.006,6.54,109022.74,109022.75,109016.1,109016.2
2025-08-31 20:48:12.583257+00:00,binance,kraken,0.002,1.65,109022.74,109022.75,109024.4,109024.5
2025-08-31 20:48:23.934541+00:00,kraken,binance,0.011,11.49,109035.99,109036.0,109024.4,109024.5
2025-08-31 20:48:35.098250+00:00,kraken,binance,0.007,8.06,109049.16,109049.17,109041.0,109041.1
2025-08-31 20:48:46.073923+00:00,kraken,binance,0.013,14.42,109067.12,109067.13,109052.6,109052.7
2025-08-31 20:48:57.006951+00:00,kraken,binance,0.013,14.42,109067.12,109067.13,109052.6,109052.7
2025-08-31 20:49:14.056129+00:00,kraken,binance,0.01,11.22,109067.12,109067.13,109055.8,109055.9
2025-08-31 20:49:24.965506+00:00,kraken,binance,0.019,21.09,109076.99,109077.0,109055.8,109055.9
2025-08-31 20:49:35.906706+00:00,binance,kraken,0.001,1.5,109079.99,109080.0,109081.5,109086.2
2025-08-31 20:49:58.134590+00:00,kraken,binance,0.001,1.49,109079.99,109080.0,109074.1,109078.5
2025-08-31 20:50:42.207825+00:00,kraken,binance,0.003,3.5,109089.7,109089.71,109084.8,109086.2
2025-08-31 20:50:53.530768+00:00,kraken,binance,0.003,3.5,109089.7,109089.71,109084.9,109086.2
2025-08-31 20:51:04.482702+00:00,kraken,binance,0.003,3.5,109089.7,109089.71,109084.9,109086.2
2025-08-31 20:51:16.008385+00:00,kraken,binance,0.004,4.8,109089.7,109089.71,109084.8,109084.9
2025-08-31 20:51:26.878599+00:00,binance,kraken,0.004,3.89,109080.0,109080.01,109083.9,109084.0
2025-08-31 20:51:37.785089+00:00,binance,kraken,0.005,5.08,109069.41,109069.42,109074.5,109074.6
2025-08-31 20:51:48.714559+00:00,kraken,binance,0.004,3.85,109063.35,109063.36,109052.4,109059.5
2025-08-31 20:51:59.611742+00:00,kraken,binance,0.008,8.55,109063.35,109063.36,109051.8,109054.8
2025-08-31 20:52:10.472480+00:00,kraken,binance,0.008,8.4,109051.5,109051.51,109035.6,109043.1
2025-08-31 20:52:21.374836+00:00,binance,kraken,0.001,1.22,109031.77,109031.78,109033.0,109033.1
2025-08-31 20:52:32.231556+00:00,binance,kraken,0.009,10.26,109022.73,109022.74,109033.0,109033.1
2025-08-31 20:52:43.117646+00:00,binance,kraken,0.009,10.26,109022.73,109022.74,109033.0,109033.1
2025-08-31 20:52:54.200788+00:00,kraken,binance,0.005,5.13,109022.73,109022.74,109015.7,109017.6
2025-08-31 20:53:05.283236+00:00,kraken,binance,0.022,24.48,109041.98,109041.99,109015.7,109017.5
2025-08-31 20:53:59.907538+00:00,kraken,binance,0.01,10.58,109052.38,109052.39,109038.7,109041.8
2025-08-31 20:54:11.223790+00:00,kraken,binance,0.008,9.08,109052.38,109052.39,109043.2,109043.3
2025-08-31 20:54:23.325895+00:00,kraken,binance,0.008,9.08,109052.38,109052.39,109043.2,109043.3
2025-08-31 20:54:34.952486+00:00,kraken,binance,0.008,9.08,109052.38,109052.39,109043.2,109043.3
2025-08-31 20:54:45.858760+00:00,binance,kraken,0.008,8.42,109072.07,109072.08,109080.5,109080.6
2025-08-31 20:54:57.869829+00:00,binance,kraken,0.002,2.12,109072.07,109072.08,109074.2,109074.3
2025-08-31 20:55:08.764246+00:00,binance,kraken,0.002,2.12,109072.07,109072.08,109074.2,109074.3
2025-08-31 20:55:19.634757+00:00,binance,kraken,0.001,1.22,109072.07,109072.08,109073.3,109073.4
2025-08-31 20:55:30.612099+00:00,kraken,binance,0.014,15.59,109089.69,109089.7,109073.3,109074.1
2025-08-31 20:55:41.775387+00:00,kraken,binance,0.008,9.09,109089.69,109089.7,109080.5,109080.6
2025-08-31 20:55:53.395617+00:00,kraken,binance,0.018,19.39,109099.99,109100.0,109080.5,109080.6
2025-08-31 20:56:05.289750+00:00,binance,kraken,0.001,1.59,109106.1,109106.11,109107.7,109111.0
2025-08-31 20:56:48.816658+00:00,binance,kraken,0.004,3.99,109106.1,109106.11,109110.1,109111.9
2025-08-31 20:57:44.630732+00:00,binance,kraken,0.002,2.09,109106.1,109106.11,109108.2,109110.3
2025-08-31 20:57:56.801749+00:00,binance,kraken,0.001,1.49,109106.1,109106.11,109107.6,109109.8
2025-08-31 20:58:08.004189+00:00,binance,kraken,0.002,2.09,109106.1,109106.11,109108.2,109110.8
2025-08-31 20:58:19.014835+00:00,binance,kraken,0.004,3.89,109106.1,109106.11,109110.0,109110.8
2025-08-31 20:58:29.894919+00:00,binance,kraken,0.004,3.89,109106.1,109106.11,109110.0,109110.8
2025-08-31 20:58:40.766585+00:00,binance,kraken,0.005,5.09,109106.1,109106.11,109111.2,109111.9
2025-08-31 20:58:51.619810+00:00,binance,kraken,0.005,5.09,109106.1,109106.11,109111.2,109111.9
2025-08-31 20:59:07.220454+00:00,binance,kraken,0.003,3.39,109106.1,109106.11,109109.5,109111.9
2025-08-31 20:59:20.804076+00:00,binance,kraken,0.004,4.29,109106.1,109106.11,109110.4,109111.9
2025-08-31 20:59:31.860620+00:00,binance,kraken,0.001,1.39,109106.1,109106.11,109107.5,109108.4
2025-08-31 20:59:43.996423+00:00,kraken,binance,0.006,6.09,109117.99,109118.0,109111.8,109111.9
2025-08-31 20:59:55.036719+00:00,kraken,binance,0.006,6.09,109117.99,109118.0,109111.8,109111.9
2025-08-31 21:00:06.348531+00:00,kraken,binance,0.002,2.39,109117.99,109118.0,109111.8,109115.6
2025-08-31 21:00:17.818588+00:00,kraken,binance,0.003,3.5,109106.1,109106.11,109101.5,109102.6
2025-08-31 21:00:29.610622+00:00,kraken,binance,0.003,3.5,109106.1,109106.11,109101.9,109102.6
2025-08-31 21:00:40.713978+00:00,kraken,binance,0.003,3.4,109106.1,109106.11,109102.1,109102.7
2025-08-31 21:00:51.902091+00:00,kraken,binance,0.003,3.4,109106.1,109106.11,109102.1,109102.7
2025-08-31 21:01:02.941772+00:00,kraken,binance,0.003,3.4,109106.1,109106.11,109102.1,109102.7
2025-08-31 21:01:14.175678+00:00,binance,kraken,0.048,51.98,109042.01,109042.02,109094.0,109094.1
2025-08-31 21:01:47.149282+00:00,kraken,binance,0.006,6.81,109065.61,109065.62,109052.3,109058.8
2025-08-31 21:02:09.507871+00:00,binance,kraken,0.003,3.66,109074.73,109074.74,109078.4,109078.5
2025-08-31 21:02:20.488553+00:00,binance,kraken,0.003,3.65,109074.74,109074.75,109078.4,109078.5
2025-08-31 21:02:31.426826+00:00,kraken,binance,0.001,1.39,109079.99,109080.0,109078.4,109078.6
2025-08-31 21:02:42.574727+00:00,kraken,binance,0.001,1.39,109079.99,109080.0,109078.4,109078.6
2025-08-31 21:02:54.176399+00:00,kraken,binance,0.005,5.7,109084.3,109084.31,109078.5,109078.6
2025-08-31 21:03:05.118325+00:00,kraken,binance,0.005,5.7,109084.3,109084.31,109078.5,109078.6
2025-08-31 21:03:16.058065+00:00,kraken,binance,0.005,5.7,109084.3,109084.31,109078.4,109078.6
2025-08-31 21:03:27.143937+00:00,kraken,binance,0.005,5.7,109084.3,109084.31,109078.5,109078.6
2025-08-31 21:03:38.109642+00:00,kraken,binance,0.005,5.7,109084.3,109084.31,109078.5,109078.6
2025-08-31 21:03:51.368005+00:00,binance,kraken,0.003,3.56,109054.73,109054.74,109058.3,109067.7
2025-08-31 21:04:13.102738+00:00,kraken,binance,0.005,5.36,109033.76,109033.77,109028.3,109028.4
2025-08-31 21:04:24.988786+00:00,kraken,binance,0.005,5.36,109033.76,109033.77,109028.3,109028.4
2025-08-31 21:04:35.958768+00:00,kraken,binance,0.004,3.96,109033.76,109033.77,109020.8,109029.8
2025-08-31 21:04:47.277871+00:00,kraken,binance,0.004,3.96,109033.76,109033.77,109022.6,109029.8
2025-08-31 21:05:09.574981+00:00,kraken,binance,0.005,5.86,109022.86,109022.87,109012.2,109017.0
2025-08-31 21:05:20.634863+00:00,kraken,binance,0.004,3.86,109022.86,109022.87,109012.2,109019.0
2025-08-31 21:05:31.669558+00:00,kraken,binance,0.002,2.2,109012.0,109012.01,109001.1,109009.8
2025-08-31 21:05:44.140534+00:00,kraken,binance,0.01,10.85,109042.45,109042.46,109023.4,109031.6
2025-08-31 21:05:55.144900+00:00,kraken,binance,0.005,5.85,109042.45,109042.46,109034.2,109036.6
2025-08-31 21:06:06.084929+00:00,kraken,binance,0.005,5.85,109042.45,109042.46,109036.2,109036.6
2025-08-31 21:06:17.127978+00:00,kraken,binance,0.006,6.7,109042.0,109042.01,109032.1,109035.3
2025-08-31 21:06:27.989736+00:00,kraken,binance,0.006,6.9,109042.0,109042.01,109032.1,109035.1
2025-08-31 21:07:01.717137+00:00,kraken,binance,0.009,10.15,109014.85,109014.86,109001.4,109004.7
2025-08-31 21:07:12.655097+00:00,kraken,binance,0.01,10.65,109014.85,109014.86,109001.4,109004.2
2025-08-31 21:07:58.468883+00:00,binance,kraken,0.001,1.24,109010.15,109010.16,109011.4,109016.1
2025-08-31 21:08:09.356114+00:00,binance,kraken,0.001,1.24,109010.15,109010.16,109011.4,109020.3
2025-08-31 21:08:20.302619+00:00,binance,kraken,0.002,2.43,109023.16,109023.17,109025.6,109032.2
2025-08-31 21:09:18.858714+00:00,binance,kraken,0.008,8.61,109010.18,109010.19,109018.8,109022.0
2025-08-31 21:09:29.877207+00:00,binance,kraken,0.001,1.59,109000.0,109000.01,109001.6,109001.7
2025-08-31 21:09:40.827892+00:00,kraken,binance,0.001,1.5,109000.0,109000.01,108998.4,108998.5
2025-08-31 21:09:52.919752+00:00,binance,kraken,0.004,4.39,109000.0,109000.01,109004.4,109004.5
2025-08-31 21:10:04.496039+00:00,binance,kraken,0.004,4.39,109000.0,109000.01,109004.4,109004.5
2025-08-31 21:10:15.346581+00:00,binance,kraken,0.004,4.39,109000.0,109000.01,109004.4,109004.5
2025-08-31 21:10:26.323342+00:00,binance,kraken,0.004,4.39,109000.0,109000.01,109004.4,109004.5
2025-08-31 21:10:37.447985+00:00,binance,kraken,0.004,4.39,109000.0,109000.01,109004.4,109004.5
2025-08-31 21:10:48.376292+00:00,binance,kraken,0.004,4.39,109000.0,109000.01,109004.4,109004.5
2025-08-31 21:10:59.486903+00:00,binance,kraken,0.004,4.39,109000.0,109000.01,109004.4,109004.5
2025-08-31 21:11:10.399139+00:00,binance,kraken,0.004,4.39,109000.0,109000.01,109004.4,109004.5
2025-08-31 21:11:21.357569+00:00,binance,kraken,0.004,4.39,109000.0,109000.01,109004.4,109004.5
2025-08-31 21:11:32.244894+00:00,binance,kraken,0.004,4.39,109000.0,109000.01,109004.4,109004.5
2025-08-31 21:11:43.515538+00:00,binance,kraken,0.01,10.66,108993.73,108993.74,109004.4,109004.5
2025-08-31 21:11:54.534905+00:00,binance,kraken,0.003,2.76,108993.73,108993.74,108996.5,108996.6
2025-08-31 21:12:05.551704+00:00,kraken,binance,0.002,2.23,108981.33,108981.34,108979.0,108979.1
2025-08-31 21:12:16.515442+00:00,binance,kraken,0.004,4.1,108974.89,108974.9,108979.0,108979.1
2025-08-31 21:12:27.418019+00:00,binance,kraken,0.004,4.1,108974.89,108974.9,108979.0,108979.1
2025-08-31 21:12:38.372349+00:00,binance,kraken,0.004,4.1,108974.89,108974.9,108979.0,108979.1
2025-08-31 21:12:49.449110+00:00,binance,kraken,0.003,2.97,108957.12,108957.13,108960.1,108960.2
2025-08-31 21:13:00.429054+00:00,binance,kraken,0.003,2.97,108957.12,108957.13,108960.1,108960.2
2025-08-31 21:13:12.219262+00:00,binance,kraken,0.003,2.97,108957.12,108957.13,108960.1,108960.2
2025-08-31 21:13:23.442636+00:00,binance,kraken,0.003,2.97,108957.12,108957.13,108960.1,108960.2
2025-08-31 21:13:34.717670+00:00,binance,kraken,0.003,2.97,108957.12,108957.13,108960.1,108960.2
2025-08-31 21:13:45.986459+00:00,binance,kraken,0.003,2.97,108957.12,108957.13,108960.1,108960.2
2025-08-31 21:13:57.189041+00:00,binance,kraken,0.003,2.97,108957.12,108957.13,108960.1,108960.2
2025-08-31 21:14:08.364576+00:00,kraken,binance,0.011,12.29,108975.59,108975.6,108963.2,108963.3
2025-08-31 21:14:19.581331+00:00,binance,kraken,0.004,4.23,108984.26,108984.27,108988.5,108988.6
2025-08-31 21:14:42.086006+00:00,binance,kraken,0.002,1.86,108993.63,108993.64,108995.5,108995.6
2025-08-31 21:14:53.302526+00:00,kraken,binance,0.006,6.28,109001.88,109001.89,108995.5,108995.6
2025-08-31 21:15:18.262140+00:00,binance,kraken,0.005,5.95,109026.24,109026.25,109032.2,109032.3
2025-08-31 21:15:29.327842+00:00,binance,kraken,0.005,5.95,109026.24,109026.25,109032.2,109032.3
2025-08-31 21:15:40.402158+00:00,binance,kraken,0.005,5.95,109026.24,109026.25,109032.2,109032.3
2025-08-31 21:15:51.494022+00:00,kraken,binance,0.006,6.64,109026.24,109026.25,109019.5,109019.6
2025-08-31 21:16:02.597700+00:00,binance,kraken,0.006,6.55,109012.94,109012.95,109019.5,109019.6
2025-08-31 21:16:13.623698+00:00,binance,kraken,0.006,6.55,109012.94,109012.95,109019.5,109019.6
2025-08-31 21:16:24.644163+00:00,kraken,binance,0.003,3.63,109023.23,109023.24,109019.5,109019.6
2025-08-31 21:16:35.785819+00:00,binance,kraken,0.006,6.75,109026.24,109026.25,109033.0,109033.1
2025-08-31 21:16:46.751838+00:00,binance,kraken,0.006,6.75,109026.24,109026.25,109033.0,109033.1
2025-08-31 21:16:57.714828+00:00,binance,kraken,0.006,6.75,109026.24,109026.25,109033.0,109033.1
2025-08-31 21:17:08.646429+00:00,binance,kraken,0.006,6.75,109026.24,109026.25,109033.0,109033.1
2025-08-31 21:17:19.514917+00:00,kraken,binance,0.007,7.54,109026.24,109026.25,109018.6,109018.7
2025-08-31 21:18:58.507192+00:00,binance,kraken,0.003,3.4,109077.49,109077.5,109080.9,109081.0
2025-08-31 21:19:10.068350+00:00,binance,kraken,0.003,3.4,109077.49,109077.5,109080.9,109081.0
2025-08-31 21:19:20.960147+00:00,binance,kraken,0.003,3.4,109077.49,109077.5,109080.9,109081.0
2025-08-31 21:19:31.878861+00:00,binance,kraken,0.003,3.4,109077.49,109077.5,109080.9,109081.0
2025-08-31 21:19:42.750289+00:00,binance,kraken,0.003,3.4,109077.49,109077.5,109080.9,109081.0
2025-08-31 21:19:53.729636+00:00,binance,kraken,0.003,3.4,109077.49,109077.5,109080.9,109081.0
2025-08-31 21:20:04.569553+00:00,binance,kraken,0.007,7.7,109065.89,109065.9,109073.6,109073.7
2025-08-31 21:20:15.428165+00:00,binance,kraken,0.007,7.7,109065.89,109065.9,109073.6,109073.7
2025-08-31 21:20:26.318007+00:00,binance,kraken,0.007,7.7,109065.89,109065.9,109073.6,109073.7
2025-08-31 21:20:37.194987+00:00,binance,kraken,0.007,7.7,109065.89,109065.9,109073.6,109073.7
2025-08-31 21:20:48.095555+00:00,binance,kraken,0.007,7.7,109065.89,109065.9,109073.6,109073.7
2025-08-31 21:20:59.057056+00:00,binance,kraken,0.007,7.7,109065.89,109065.9,109073.6,109073.7
2025-08-31 21:21:12.160363+00:00,binance,kraken,0.007,7.7,109065.89,109065.9,109073.6,109073.7
2025-08-31 21:21:23.352258+00:00,binance,kraken,0.007,7.7,109065.89,109065.9,109073.6,109073.7
2025-08-31 21:21:34.399874+00:00,binance,kraken,0.007,7.7,109065.89,109065.9,109073.6,109073.7
2025-08-31 21:21:45.536026+00:00,binance,kraken,0.007,7.7,109065.89,109065.9,109073.6,109073.7
2025-08-31 21:21:57.407881+00:00,binance,kraken,0.007,7.7,109065.89,109065.9,109073.6,109073.7
2025-08-31 21:22:08.322892+00:00,binance,kraken,0.007,7.7,109065.89,109065.9,109073.6,109073.7
2025-08-31 21:22:19.237550+00:00,kraken,binance,0.01,11.09,109065.89,109065.9,109054.7,109054.8
2025-08-31 21:22:30.082357+00:00,kraken,binance,0.007,8.12,109062.92,109062.93,109054.7,109054.8
2025-08-31 21:22:40.955493+00:00,kraken,binance,0.007,8.12,109062.92,109062.93,109054.7,109054.8
2025-08-31 21:22:51.800518+00:00,kraken,binance,0.007,8.12,109062.92,109062.93,109054.7,109054.8
2025-08-31 21:23:02.644620+00:00,kraken,binance,0.004,4.57,109059.37,109059.38,109054.7,109054.8
2025-08-31 21:23:13.670958+00:00,kraken,binance,0.003,2.77,109059.37,109059.38,109056.5,109056.6
2025-08-31 21:23:24.546891+00:00,kraken,binance,0.003,2.77,109059.37,109059.38,109056.5,109056.6
2025-08-31 21:23:35.396800+00:00,kraken,binance,0.003,2.77,109059.37,109059.38,109056.5,109056.6
2025-08-31 21:23:46.261787+00:00,kraken,binance,0.003,2.77,109059.37,109059.38,109056.5,109056.6
2025-08-31 21:23:59.915056+00:00,kraken,binance,0.003,2.77,109059.37,109059.38,109056.5,109056.6
2025-08-31 21:24:10.805242+00:00,kraken,binance,0.003,2.77,109059.37,109059.38,109056.5,109056.6
2025-08-31 21:24:22.553966+00:00,kraken,binance,0.003,2.77,109059.37,109059.38,109056.5,109056.6
2025-08-31 21:24:33.496453+00:00,kraken,binance,0.003,2.77,109059.37,109059.38,109056.5,109056.6
2025-08-31 21:24:45.161010+00:00,binance,kraken,0.011,12.07,109044.42,109044.43,109056.5,109056.6
2025-08-31 21:25:08.242947+00:00,binance,kraken,0.012,13.54,109028.15,109028.16,109041.7,109041.8
2025-08-31 21:25:19.718065+00:00,kraken,binance,0.006,6.18,109022.58,109022.59,109016.3,109016.4
2025-08-31 21:25:30.736183+00:00,kraken,binance,0.003,3.71,109020.11,109020.12,109016.3,109016.4
2025-08-31 21:25:41.728313+00:00,kraken,binance,0.003,3.71,109020.11,109020.12,109016.3,109016.4
2025-08-31 21:25:54.166334+00:00,kraken,binance,0.003,3.71,109020.11,109020.12,109016.3,109016.4
2025-08-31 21:27:11.402434+00:00,binance,kraken,0.007,7.58,109020.11,109020.12,109027.7,109029.1
2025-08-31 21:27:22.529843+00:00,kraken,binance,0.005,5.35,109034.45,109034.46,109028.1,109029.1
2025-08-31 21:27:33.509145+00:00,kraken,binance,0.005,5.35,109034.45,109034.46,109028.3,109029.1
2025-08-31 21:27:44.479556+00:00,kraken,binance,0.002,2.69,109038.99,109039.0,109032.3,109036.3
2025-08-31 21:27:55.342891+00:00,kraken,binance,0.002,2.49,109038.99,109039.0,109035.9,109036.5
2025-08-31 21:29:12.389060+00:00,kraken,binance,0.003,3.22,109045.12,109045.13,109040.6,109041.9
2025-08-31 21:29:23.438173+00:00,kraken,binance,0.004,4.52,109045.12,109045.13,109040.5,109040.6
2025-08-31 21:29:34.922461+00:00,kraken,binance,0.006,6.62,109045.12,109045.13,109031.8,109038.5
2025-08-31 21:29:46.175151+00:00,kraken,binance,0.006,6.0,109042.0,109042.01,109031.8,109036.0
2025-08-31 21:30:08.687687+00:00,kraken,binance,0.005,5.29,109011.69,109011.7,108999.6,109006.4
2025-08-31 21:30:19.964424+00:00,kraken,binance,0.002,2.16,109007.36,109007.37,108996.2,109005.2
2025-08-31 21:31:28.352666+00:00,kraken,binance,0.005,5.39,109059.99,109060.0,109051.6,109054.6
2025-08-31 21:31:39.501052+00:00,binance,kraken,0.002,2.7,109059.99,109060.0,109062.7,109063.8
2025-08-31 21:31:50.746834+00:00,binance,kraken,0.003,2.8,109059.99,109060.0,109062.8,109064.1
2025-08-31 21:32:02.029064+00:00,binance,kraken,0.003,2.8,109059.99,109060.0,109062.8,109063.7
2025-08-31 21:32:13.205767+00:00,binance,kraken,0.003,2.8,109059.99,109060.0,109062.8,109063.7
2025-08-31 21:32:24.333089+00:00,binance,kraken,0.003,2.8,109059.99,109060.0,109062.8,109062.9
2025-08-31 21:32:35.467559+00:00,binance,kraken,0.003,2.8,109059.99,109060.0,109062.8,109062.9
2025-08-31 21:32:46.710046+00:00,binance,kraken,0.003,2.8,109059.99,109060.0,109062.8,109062.9
2025-08-31 21:32:58.008264+00:00,binance,kraken,0.003,2.8,109059.99,109060.0,109062.8,109062.9
2025-08-31 21:33:09.221433+00:00,binance,kraken,0.003,2.8,109059.99,109060.0,109062.8,109062.9
2025-08-31 21:33:20.483034+00:00,binance,kraken,0.003,2.8,109059.99,109060.0,109062.8,109062.9
2025-08-31 21:33:31.702343+00:00,binance,kraken,0.003,2.8,109059.99,109060.0,109062.8,109062.9
2025-08-31 21:33:42.867573+00:00,binance,kraken,0.003,2.8,109059.99,109060.0,109062.8,109062.9
2025-08-31 21:33:54.239167+00:00,binance,kraken,0.003,2.8,109059.99,109060.0,109062.8,109062.9
2025-08-31 21:34:05.235607+00:00,binance,kraken,0.003,2.8,109059.99,109060.0,109062.8,109062.9
2025-08-31 21:34:16.435201+00:00,binance,kraken,0.003,2.8,109059.99,109060.0,109062.8,109062.9
2025-08-31 21:34:27.560333+00:00,kraken,binance,0.004,4.2,109030.8,109030.81,109023.5,109026.6
2025-08-31 21:34:38.579186+00:00,kraken,binance,0.004,4.4,109030.8,109030.81,109023.5,109026.4
2025-08-31 21:34:49.776922+00:00,kraken,binance,0.005,5.0,109030.8,109030.81,109023.5,109025.8
2025-08-31 21:35:00.867788+00:00,kraken,binance,0.005,5.0,109030.8,109030.81,109023.5,109025.8
2025-08-31 21:35:11.940375+00:00,kraken,binance,0.004,4.9,109030.8,109030.81,109023.5,109025.9
2025-08-31 21:35:22.984060+00:00,kraken,binance,0.005,5.1,109030.8,109030.81,109023.5,109025.7
2025-08-31 21:35:34.117304+00:00,kraken,binance,0.005,5.3,109030.8,109030.81,109023.5,109025.5
2025-08-31 21:35:45.194189+00:00,kraken,binance,0.005,5.9,109030.8,109030.81,109023.6,109024.9
2025-08-31 21:37:47.086691+00:00,binance,kraken,0.003,3.29,109023.3,109023.31,109026.6,109027.2
2025-08-31 21:37:58.101880+00:00,binance,kraken,0.003,3.39,109023.3,109023.31,109026.7,109027.3
2025-08-31 21:38:09.113859+00:00,kraken,binance,0.002,2.29,109008.69,109008.7,109006.3,109006.4
2025-08-31 21:38:20.114089+00:00,kraken,binance,0.002,2.29,109008.69,109008.7,109006.3,109006.4
2025-08-31 21:38:31.127305+00:00,kraken,binance,0.006,6.58,109036.28,109036.29,109027.6,109029.7
2025-08-31 21:38:42.313572+00:00,kraken,binance,0.003,3.63,109046.73,109046.74,109041.0,109043.1
2025-08-31 21:38:53.764004+00:00,kraken,binance,0.003,3.63,109046.73,109046.74,109043.0,109043.1
2025-08-31 21:39:04.761763+00:00,kraken,binance,0.003,3.63,109046.73,109046.74,109043.0,109043.1
2025-08-31 21:40:00.869486+00:00,binance,kraken,0.02,21.97,109021.02,109021.03,109043.0,109048.1
2025-08-31 21:40:11.851965+00:00,binance,kraken,0.014,14.87,109021.02,109021.03,109035.9,109036.0
2025-08-31 21:40:22.803112+00:00,binance,kraken,0.002,2.43,109042.86,109042.87,109045.3,109051.6
2025-08-31 21:40:33.782196+00:00,binance,kraken,0.002,2.43,109042.86,109042.87,109045.3,109046.0
2025-08-31 21:40:44.936302+00:00,binance,kraken,0.002,2.43,109042.86,109042.87,109045.3,109046.0
2025-08-31 21:40:56.235100+00:00,binance,kraken,0.002,2.43,109042.86,109042.87,109045.3,109046.0
2025-08-31 21:41:07.471631+00:00,binance,kraken,0.002,2.43,109042.86,109042.87,109045.3,109046.0
2025-08-31 21:41:52.238091+00:00,binance,kraken,0.002,1.83,109042.86,109042.87,109044.7,109050.3
2025-08-31 21:42:03.829487+00:00,binance,kraken,0.003,2.73,109061.76,109061.77,109064.5,109064.6
2025-08-31 21:42:14.889924+00:00,binance,kraken,0.003,3.03,109061.76,109061.77,109064.8,109073.1
2025-08-31 21:42:25.939090+00:00,binance,kraken,0.007,7.63,109061.76,109061.77,109069.4,109072.7
2025-08-31 21:42:37.002563+00:00,binance,kraken,0.001,1.14,109072.45,109072.46,109073.6,109073.7
2025-08-31 21:42:49.200037+00:00,binance,kraken,0.002,2.24,109072.45,109072.46,109074.7,109082.6
2025-08-31 21:43:00.210047+00:00,binance,kraken,0.002,2.34,109072.45,109072.46,109074.8,109081.6
2025-08-31 21:43:11.176549+00:00,binance,kraken,0.002,2.53,109072.46,109072.47,109075.0,109075.3
2025-08-31 21:43:22.180822+00:00,binance,kraken,0.007,7.73,109072.46,109072.47,109080.2,109083.7
2025-08-31 21:43:33.154375+00:00,binance,kraken,0.005,5.13,109072.46,109072.47,109077.6,109083.7
2025-08-31 21:43:44.166805+00:00,binance,kraken,0.006,6.89,109074.9,109074.91,109081.8,109083.7
2025-08-31 21:44:17.287660+00:00,binance,kraken,0.005,5.29,109096.5,109096.51,109101.8,109101.9
2025-08-31 21:44:28.882232+00:00,binance,kraken,0.005,5.29,109096.5,109096.51,109101.8,109101.9
2025-08-31 21:44:39.841588+00:00,binance,kraken,0.003,3.49,109096.5,109096.51,109100.0,109101.9
2025-08-31 21:44:50.840152+00:00,binance,kraken,0.003,3.39,109096.5,109096.51,109099.9,109101.9
2025-08-31 21:45:01.934881+00:00,binance,kraken,0.005,5.19,109096.5,109096.51,109101.7,109101.9
2025-08-31 21:45:12.804677+00:00,binance,kraken,0.005,5.19,109096.5,109096.51,109101.7,109101.9
2025-08-31 21:45:23.674002+00:00,binance,kraken,0.003,3.29,109106.1,109106.11,109109.4,109111.3
2025-08-31 21:45:34.642709+00:00,binance,kraken,0.003,3.29,109106.1,109106.11,109109.4,109109.5
2025-08-31 21:45:45.547951+00:00,binance,kraken,0.003,3.39,109106.1,109106.11,109109.5,109116.1
2025-08-31 21:45:57.547147+00:00,binance,kraken,0.003,3.29,109106.1,109106.11,109109.4,109114.9
2025-08-31 21:46:08.405925+00:00,binance,kraken,0.003,3.29,109106.1,109106.11,109109.4,109115.6
2025-08-31 21:46:19.239036+00:00,binance,kraken,0.003,3.29,109106.1,109106.11,109109.4,109114.8
2025-08-31 21:46:31.143574+00:00,binance,kraken,0.003,3.29,109106.1,109106.11,109109.4,109114.3
2025-08-31 21:46:42.012973+00:00,binance,kraken,0.003,3.29,109106.1,109106.11,109109.4,109110.1
2025-08-31 21:46:52.902780+00:00,binance,kraken,0.003,3.29,109106.1,109106.11,109109.4,109109.5
2025-08-31 21:47:04.888025+00:00,binance,kraken,0.003,3.29,109106.1,109106.11,109109.4,109109.5
2025-08-31 21:47:15.990280+00:00,binance,kraken,0.003,3.29,109106.1,109106.11,109109.4,109109.5
2025-08-31 21:47:26.853912+00:00,binance,kraken,0.003,3.29,109106.1,109106.11,109109.4,109109.5
2025-08-31 21:47:37.969209+00:00,binance,kraken,0.003,3.29,109106.1,109106.11,109109.4,109109.5
2025-08-31 21:47:48.825491+00:00,binance,kraken,0.003,3.29,109106.1,109106.11,109109.4,109109.5
2025-08-31 21:47:59.683086+00:00,binance,kraken,0.003,3.29,109106.1,109106.11,109109.4,109109.5
2025-08-31 21:48:10.551122+00:00,binance,kraken,0.003,3.29,109106.1,109106.11,109109.4,109109.5
2025-08-31 21:48:21.424895+00:00,binance,kraken,0.009,10.2,109087.39,109087.4,109097.6,109097.7
2025-08-31 21:48:32.314193+00:00,kraken,binance,0.007,7.79,109087.39,109087.4,109074.5,109079.6
2025-08-31 21:48:43.503264+00:00,kraken,binance,0.007,7.49,109087.39,109087.4,109074.5,109079.9
2025-08-31 21:48:54.519717+00:00,kraken,binance,0.006,6.02,109086.82,109086.83,109074.5,109080.8
2025-08-31 21:49:05.352318+00:00,kraken,binance,0.003,2.75,109080.75,109080.76,109074.5,109078.0
2025-08-31 21:49:16.245893+00:00,kraken,binance,0.003,3.15,109080.75,109080.76,109074.5,109077.6
2025-08-31 21:49:27.214123+00:00,kraken,binance,0.003,3.35,109080.75,109080.76,109074.5,109077.4
2025-08-31 21:49:38.127466+00:00,kraken,binance,0.005,5.15,109080.75,109080.76,109074.5,109075.6
2025-08-31 21:49:49.002791+00:00,kraken,binance,0.005,5.35,109080.75,109080.76,109074.5,109075.4
2025-08-31 21:49:59.916647+00:00,kraken,binance,0.005,5.35,109080.75,109080.76,109074.5,109075.4
2025-08-31 21:50:10.874600+00:00,kraken,binance,0.005,5.35,109080.75,109080.76,109074.5,109075.4
2025-08-31 21:50:21.787234+00:00,kraken,binance,0.005,5.35,109080.75,109080.76,109074.5,109075.4
2025-08-31 21:50:32.686594+00:00,kraken,binance,0.005,5.35,109080.75,109080.76,109074.5,109075.4
2025-08-31 21:50:43.654290+00:00,kraken,binance,0.005,5.85,109080.75,109080.76,109074.5,109074.9
2025-08-31 21:50:54.760890+00:00,kraken,binance,0.006,6.15,109080.75,109080.76,109074.5,109074.6
2025-08-31 21:51:05.705252+00:00,kraken,binance,0.006,6.15,109080.75,109080.76,109074.5,109074.6
2025-08-31 21:51:16.586507+00:00,kraken,binance,0.006,6.15,109080.75,109080.76,109074.5,109074.6
2025-08-31 21:51:28.319240+00:00,kraken,binance,0.006,6.15,109080.75,109080.76,109074.5,109074.6
2025-08-31 21:51:39.202693+00:00,kraken,binance,0.006,6.15,109080.75,109080.76,109074.5,109074.6
2025-08-31 21:51:50.149288+00:00,kraken,binance,0.006,6.15,109080.75,109080.76,109074.5,109074.6
2025-08-31 21:52:01.034547+00:00,kraken,binance,0.005,5.69,109080.29,109080.3,109074.5,109074.6
2025-08-31 21:52:11.921942+00:00,kraken,binance,0.005,5.69,109080.29,109080.3,109074.5,109074.6
2025-08-31 21:52:22.836343+00:00,kraken,binance,0.005,5.69,109080.29,109080.3,109074.5,109074.6
2025-08-31 21:52:33.704658+00:00,kraken,binance,0.005,5.69,109080.29,109080.3,109074.5,109074.6
2025-08-31 21:52:44.579949+00:00,kraken,binance,0.005,5.59,109080.29,109080.3,109074.5,109074.7
2025-08-31 21:52:56.535172+00:00,kraken,binance,0.005,5.59,109080.29,109080.3,109074.5,109074.7
2025-08-31 21:53:07.859216+00:00,kraken,binance,0.005,5.59,109080.29,109080.3,109074.5,109074.7
2025-09-01 07:46:09.539547+00:00,kraken,binance,0.001,1.59,108857.99,108858.0,108856.3,108856.4
2025-09-01 07:46:21.134274+00:00,kraken,binance,0.004,4.41,108878.91,108878.92,108871.7,108874.5
2025-09-01 07:46:44.371224+00:00,kraken,binance,0.005,5.33,108905.83,108905.84,108891.3,108900.5
2025-09-01 07:47:00.931303+00:00,kraken,binance,0.017,18.64,108954.64,108954.65,108935.9,108936.0
2025-09-01 11:06:02.404933+00:00,kraken,binance,0.063,68.07,108611.47,108611.48,108543.3,108543.4
2025-09-01 11:06:13.275496+00:00,kraken,binance,0.064,69.4,108612.8,108612.81,108543.3,108543.4
2025-09-01 11:06:24.250004+00:00,kraken,binance,0.064,69.84,108613.24,108613.25,108543.3,108543.4
2025-09-01 11:06:35.190436+00:00,kraken,binance,0.068,73.89,108617.29,108617.3,108543.3,108543.4
2025-09-01 11:06:48.524058+00:00,kraken,binance,0.004,4.09,108649.99,108650.0,108635.9,108645.9
2025-09-01 11:07:22.384889+00:00,kraken,binance,0.002,1.64,108672.34,108672.35,108659.6,108670.7
2025-09-01 11:08:14.327374+00:00,kraken,binance,0.001,1.29,108663.99,108664.0,108643.8,108662.7
2025-09-01 11:08:25.886670+00:00,kraken,binance,0.01,10.43,108656.03,108656.04,108644.1,108645.6
2025-09-01 11:08:48.065630+00:00,kraken,binance,0.008,8.92,108632.82,108632.83,108616.6,108623.9
2025-09-01 11:08:58.983574+00:00,kraken,binance,0.003,2.85,108637.15,108637.16,108625.4,108634.3
2025-09-01 11:09:10.306336+00:00,kraken,binance,0.001,1.56,108640.76,108640.77,108626.4,108639.2
2025-09-01 11:09:33.728433+00:00,kraken,binance,0.014,14.78,108624.18,108624.19,108606.7,108609.4
2025-09-01 11:09:44.680087+00:00,kraken,binance,0.009,10.31,108643.61,108643.62,108629.1,108633.3
2025-09-01 11:10:06.418487+00:00,kraken,binance,0.004,4.5,108642.0,108642.01,108628.6,108637.5
2025-09-01 11:10:40.013265+00:00,kraken,binance,0.02,21.85,108635.55,108635.56,108612.3,108613.7
2025-09-01 11:10:51.492686+00:00,kraken,binance,0.005,5.09,108639.99,108640.0,108634.0,108634.9
2025-09-01 11:11:02.451781+00:00,kraken,binance,0.005,4.99,108639.99,108640.0,108634.0,108635.0
2025-09-01 11:11:13.341990+00:00,kraken,binance,0.007,7.49,108639.99,108640.0,108621.8,108632.5
2025-09-01 11:11:37.154813+00:00,kraken,binance,0.01,11.13,108615.83,108615.84,108603.7,108604.7
2025-09-01 11:11:48.048217+00:00,kraken,binance,0.003,2.81,108583.71,108583.72,108571.1,108580.9
2025-09-01 11:11:58.875261+00:00,kraken,binance,0.016,17.29,108599.99,108600.0,108572.7,108582.7
2025-09-01 11:12:09.805661+00:00,kraken,binance,0.021,22.3,108610.0,108610.01,108583.9,108587.7
2025-09-01 11:12:21.012614+00:00,kraken,binance,0.005,5.69,108609.89,108609.9,108602.8,108604.2
2025-09-01 11:12:32.164560+00:00,kraken,binance,0.019,20.96,108625.16,108625.17,108604.1,108604.2
2025-09-01 11:12:43.132049+00:00,kraken,binance,0.006,6.29,108609.89,108609.9,108589.0,108603.6
2025-09-01 11:13:04.858369+00:00,kraken,binance,0.007,7.09,108619.99,108620.0,108603.7,108612.9
